store_view_code,identifier,title,page_layout,content
luma_gb_en,home,EN - Home Page,cms-full-width,"<div data-content-type=""row"" data-appearance=""full-bleed"" data-enable-parallax=""0"" data-parallax-speed=""0.5"" data-background-images=""{}"" data-background-type=""image"" data-video-loop=""true"" data-video-play-only-visible=""true"" data-video-lazy-load=""true"" data-video-fallback-src="""" data-element=""main"" style=""justify-content: flex-start; display: flex; flex-direction: column; background-position: left top; background-size: cover; background-repeat: no-repeat; background-attachment: scroll; border-style: none; border-width: 1px; border-radius: 0px; margin: 0px; padding: 0px;""><div data-content-type=""dynamic_block"" data-appearance=""default"" data-element=""main"" style=""border-style: none; border-width: 1px; border-radius: 0px; margin: 0px; padding: 0px;"">{{widget type=""Magento\Banner\Block\Widget\Banner"" display_mode=""fixed"" rotate="""" template=""widget/block.phtml"" banner_ids=""{{dynamicblock name=""HP - Not Logged In""}}"" unique_id=""{{dynamicblock name=""HP - Not Logged In""}}"" type_name=""Dynamic Blocks Rotator""}}</div><div data-content-type=""dynamic_block"" data-appearance=""default"" data-element=""main"" style=""border-style: none; border-width: 1px; border-radius: 0px; margin: 0px; padding: 0px;"">{{widget type=""Magento\Banner\Block\Widget\Banner"" display_mode=""fixed"" rotate="""" template=""widget/block.phtml"" banner_ids=""{{dynamicblock name=""HP - Runner""}}"" unique_id=""{{dynamicblock name=""HP - Runner""}}"" type_name=""Dynamic Blocks Rotator""}}</div><div data-content-type=""dynamic_block"" data-appearance=""default"" data-element=""main"" style=""border-style: none; border-width: 1px; border-radius: 0px; margin: 0px; padding: 0px;"">{{widget type=""Magento\Banner\Block\Widget\Banner"" display_mode=""fixed"" rotate="""" template=""widget/block.phtml"" banner_ids=""{{dynamicblock name=""HP - Yoga""}}"" unique_id=""{{dynamicblock name=""HP - Yoga""}}"" type_name=""Dynamic Blocks Rotator""}}</div><div data-content-type=""dynamic_block"" data-appearance=""default"" data-element=""main"" style=""border-style: none; border-width: 1px; border-radius: 0px; margin: 0px; padding: 0px;"">{{widget type=""Magento\Banner\Block\Widget\Banner"" display_mode=""fixed"" rotate="""" template=""widget/block.phtml"" banner_ids=""{{dynamicblock name=""HP - VIP""}}"" unique_id=""{{dynamicblock name=""HP - VIP""}}"" type_name=""Dynamic Blocks Rotator""}}</div></div><div data-content-type=""row"" data-appearance=""contained"" data-element=""main""><div data-enable-parallax=""0"" data-parallax-speed=""0.5"" data-background-images=""{\&quot;desktop_image\&quot;:\&quot;{{media url=wysiwyg/AdobeStock_330497250_result.jpg}}\&quot;}"" data-background-type=""image"" data-video-loop=""true"" data-video-play-only-visible=""true"" data-video-lazy-load=""true"" data-video-fallback-src="""" data-element=""inner"" style=""justify-content: center; display: flex; flex-direction: column; background-position: right bottom; background-size: cover; background-repeat: no-repeat; background-attachment: scroll; text-align: center; border-style: none; border-width: 1px; border-radius: 0px; min-height: 40vh; margin: 40px 0px 10px; padding: 10px;""><div data-content-type=""text"" data-appearance=""default"" data-element=""main"" style=""border-style: none; border-width: 1px; border-radius: 0px; margin: 0px; padding: 0px;""><p style=""color: #ffffff; font-size: 40px; font-weight: bold;"">Free Shipping. Free Returns.</p></div></div></div>"
luma_gb_en,enable-cookies,Enable Cookies,1column,"<div data-content-type=""row"" data-appearance=""contained"" data-element=""main""><div data-enable-parallax=""0"" data-parallax-speed=""0.5"" data-background-images=""{}"" data-background-type=""image"" data-video-loop=""true"" data-video-play-only-visible=""true"" data-video-lazy-load=""true"" data-video-fallback-src="""" data-element=""inner"" style=""justify-content: flex-start; display: flex; flex-direction: column; background-position: left top; background-size: cover; background-repeat: no-repeat; background-attachment: scroll; border-style: none; border-width: 1px; border-radius: 0px; margin: 0px 0px 10px; padding-top: 10px; padding-bottom: 10px;""><div class=""pagebuilder-column-group"" style=""display: flex;"" data-content-type=""column-group"" data-grid-size=""12"" data-element=""main""><div class=""pagebuilder-column"" data-content-type=""column"" data-appearance=""full-height"" data-background-images=""{}"" data-element=""main"" style=""justify-content: flex-start; display: flex; flex-direction: column; background-position: left top; background-size: cover; background-repeat: no-repeat; background-attachment: scroll; border-style: none; border-width: 1px; border-radius: 0px; width: 58.3333%; margin: 0px; padding: 0px; align-self: stretch;""><h1 data-content-type=""heading"" data-appearance=""default"" data-element=""main"" style=""border-style: none; border-width: 1px; border-radius: 0px;"">What are Cookies?</h1><div data-content-type=""text"" data-appearance=""default"" data-element=""main"" style=""border-style: none; border-width: 1px; border-radius: 0px; margin: 0px; padding: 0px;""><div class=""enable-cookies cms-content"">
<p>""Cookies"" are little pieces of data we send when you visit our store. Cookies help us get to know you better and personalise your experience. Plus they help protect you and other shoppers from fraud.</p>
<p style=""margin-bottom: 20px;"">Set your browser to accept cookies so you can buy items, save items, and receive customised recommendations. Here's how:</p>
<ul>
<li><a tabindex=""0"" href=""https://support.google.com/accounts/answer/61416?hl=en"" target=""_blank"" rel=""noopener"">Google Chrome</a></li>
<li><a tabindex=""0"" href=""http://windows.microsoft.com/en-us/internet-explorer/delete-manage-cookies"" target=""_blank"" rel=""noopener"">Internet Explorer</a></li>
<li><a tabindex=""0"" href=""http://support.apple.com/kb/PH19214"" target=""_blank"" rel=""noopener"">Safari</a></li>
<li><a tabindex=""0"" href=""https://support.mozilla.org/en-US/kb/enable-and-disable-cookies-website-preferences"" target=""_blank"" rel=""noopener"">Mozilla/Firefox</a></li>
</ul>
</div></div></div><div class=""pagebuilder-column"" data-content-type=""column"" data-appearance=""full-height"" data-background-images=""{}"" data-element=""main"" style=""justify-content: flex-start; display: flex; flex-direction: column; background-position: left top; background-size: cover; background-repeat: no-repeat; background-attachment: scroll; border-style: none; border-width: 1px; border-radius: 0px; width: 41.6667%; margin: 0px; padding: 10px; align-self: stretch;""></div></div></div></div>"
luma_gb_en,no-route,404 Not Found,cms-full-width,"<div data-content-type=""row"" data-appearance=""full-width"" data-enable-parallax=""0"" data-parallax-speed=""0.5"" data-background-images=""{\&quot;desktop_image\&quot;:\&quot;{{media url=wysiwyg/AdobeStock_296999649_result.jpg}}\&quot;}"" data-background-type=""image"" data-video-loop=""true"" data-video-play-only-visible=""true"" data-video-lazy-load=""true"" data-video-fallback-src="""" data-element=""main"" style=""justify-content: flex-start; display: flex; flex-direction: column; background-position: left center; background-size: cover; background-repeat: no-repeat; background-attachment: scroll; border-style: none; border-width: 1px; border-radius: 0px; min-height: 100vh; margin-left: 0px; margin-top: 0px; margin-right: 0px; padding: 40px 10px;""><div class=""row-full-width-inner"" data-element=""inner""><div class=""pagebuilder-column-group"" style=""display: flex;"" data-content-type=""column-group"" data-grid-size=""12"" data-element=""main""><div class=""pagebuilder-column"" data-content-type=""column"" data-appearance=""full-height"" data-background-images=""{}"" data-element=""main"" style=""justify-content: flex-start; display: flex; flex-direction: column; background-position: left top; background-size: cover; background-repeat: no-repeat; background-attachment: scroll; border-style: none; border-width: 1px; border-radius: 0px; width: 58.3333%; margin: 0px; padding: 10px; align-self: stretch;""><div data-content-type=""text"" data-appearance=""default"" data-element=""main"" style=""border-style: none; border-width: 1px; border-radius: 0px; margin: 0px; padding: 0px;""><p style=""font-size: 50px; font-weight: light; color: #ffffff;"">Stay Calm...</p></div><div data-content-type=""text"" data-appearance=""default"" data-element=""main"" style=""border-style: none; border-width: 1px; border-radius: 0px; margin: 0px; padding: 0px;""><p style=""color: #ffffff; font-weight: light;"">The page you are looking for may have existed once and may be available again. But for now it is nowhere to be found. Please use our search or navigation to move on to a page which we are 100% sure will exist <a style=""color: #ffffff;"" tabindex=""0"" href=""/"">Click here to return to the homepage</a></p></div><div data-content-type=""buttons"" data-appearance=""inline"" data-same-width=""true"" data-element=""main"" style=""border-style: none; border-width: 1px; border-radius: 0px; margin: 0px; padding: 30px 0px 0px;""><div data-content-type=""button-item"" data-appearance=""default"" data-element=""main"" style=""display: inline-block;""><div class=""pagebuilder-button-secondary"" data-element=""empty_link"" style=""text-align: center;""><span data-element=""link_text"">Collections</span></div></div><div data-content-type=""button-item"" data-appearance=""default"" data-element=""main"" style=""display: inline-block;""><div class=""pagebuilder-button-secondary"" data-element=""empty_link"" style=""text-align: center;""><span data-element=""link_text"">Women's</span></div></div><div data-content-type=""button-item"" data-appearance=""default"" data-element=""main"" style=""display: inline-block;""><div class=""pagebuilder-button-secondary"" data-element=""empty_link"" style=""text-align: center;""><span data-element=""link_text"">Men's</span></div></div><div data-content-type=""button-item"" data-appearance=""default"" data-element=""main"" style=""display: inline-block;""><div class=""pagebuilder-button-secondary"" data-element=""empty_link"" style=""text-align: center;""><span data-element=""link_text"">Accessories</span></div></div></div></div><div class=""pagebuilder-column"" data-content-type=""column"" data-appearance=""full-height"" data-background-images=""{}"" data-element=""main"" style=""justify-content: flex-start; display: flex; flex-direction: column; background-position: left top; background-size: cover; background-repeat: no-repeat; background-attachment: scroll; border-style: none; border-width: 1px; border-radius: 0px; width: 41.6667%; margin: 0px; padding: 10px; align-self: stretch;""></div></div></div></div><div data-content-type=""row"" data-appearance=""contained"" data-element=""main""><div data-enable-parallax=""0"" data-parallax-speed=""0.5"" data-background-images=""{}"" data-background-type=""image"" data-video-loop=""true"" data-video-play-only-visible=""true"" data-video-lazy-load=""true"" data-video-fallback-src="""" data-element=""inner"" style=""justify-content: flex-start; display: flex; flex-direction: column; background-position: left top; background-size: cover; background-repeat: no-repeat; background-attachment: scroll; border-style: none; border-width: 1px; border-radius: 0px; margin: 50px 0px; padding: 10px;""><h2 data-content-type=""heading"" data-appearance=""default"" data-element=""main"" style=""text-align: center; border-style: none; border-width: 1px; border-radius: 0px;"">Trending</h2><div data-content-type=""products"" data-appearance=""grid"" data-element=""main"" style=""text-align: center; border-style: none; border-width: 1px; border-radius: 0px; margin: 0px; padding: 0px;"">{{widget type=""Magento\CatalogWidget\Block\Product\ProductsList"" template=""Magento_CatalogWidget::product/widget/content/grid.phtml"" anchor_text="""" id_path="""" show_pager=""0"" products_count=""5"" condition_option=""condition"" condition_option_value="""" type_name=""Catalog Products List"" conditions_encoded=""^[`1`:^[`type`:`Magento||CatalogWidget||Model||Rule||Condition||Combine`,`aggregator`:`all`,`value`:`1`,`new_child`:``^],`1--1`:^[`type`:`Magento||CatalogWidget||Model||Rule||Condition||Product`,`attribute`:`sku`,`operator`:`()`,`value`:`24-MB01,MH01,MH09,WT01,WB03,WB05`^]^]"" sort_order=""low_stock_first""}}</div></div></div>"
luma_gb_en,privacy-policy-cookie-restriction-mode,Privacy Policy,1column,"<div data-content-type=""row"" data-appearance=""contained"" data-element=""main""><div data-enable-parallax=""0"" data-parallax-speed=""0.5"" data-background-images=""{}"" data-background-type=""image"" data-video-loop=""true"" data-video-play-only-visible=""true"" data-video-lazy-load=""true"" data-video-fallback-src="""" data-element=""inner"" style=""justify-content: flex-start; display: flex; flex-direction: column; background-position: left top; background-size: cover; background-repeat: no-repeat; background-attachment: scroll; border-style: none; border-width: 1px; border-radius: 0px; margin: 0px 0px 10px; padding: 10px 0px;""><h1 data-content-type=""heading"" data-appearance=""default"" data-element=""main"" style=""border-style: none; border-width: 1px; border-radius: 0px;"">Privacy Policy</h1><div class=""pagebuilder-column-group"" style=""display: flex;"" data-content-type=""column-group"" data-grid-size=""12"" data-element=""main""><div class=""pagebuilder-column"" data-content-type=""column"" data-appearance=""full-height"" data-background-images=""{}"" data-element=""main"" style=""justify-content: flex-start; display: flex; flex-direction: column; background-color: rgb(240, 240, 240); background-position: left top; background-size: cover; background-repeat: no-repeat; background-attachment: scroll; border-style: none; border-width: 1px; border-radius: 0px; width: 25%; margin: 0px; padding: 10px; align-self: stretch;""><div data-content-type=""text"" data-appearance=""default"" data-element=""main"" style=""border-style: none; border-width: 1px; border-radius: 0px; margin: 0px; padding: 0px;""><div id=""privacy-policy-nav-content"" class=""block-collapsible-content content block-collapsible-nav"">
<ul class=""items"">
<li class=""item current""><a href=""#privacy-policy-title-1"">Luma Security</a></li>
<li class=""item""><a href=""#privacy-policy-title-2"">Luma Privacy Policy</a></li>
<li class=""item""><a href=""#privacy-policy-title-3"">The Information We Collect</a></li>
<li class=""item""><a href=""#privacy-policy-title-4"">How We Use The Information We Collect</a></li>
<li class=""item""><a href=""#privacy-policy-title-5"">Security</a></li>
<li class=""item""><a href=""#privacy-policy-title-6"">Others With Whom We Share Your Information.</a></li>
<li class=""item""><a href=""#privacy-policy-title-7"">Your Choices Regarding Use Of The Information We Collect</a></li>
<li class=""item""><a href=""#privacy-policy-title-8"">Your California Privacy Rights</a></li>
<li class=""item""><a href=""#privacy-policy-title-9"">Cookies, Web Beacons, and How We Use Them</a></li>
<li class=""item""><a href=""#privacy-policy-title-10"">List of cookies we collect</a></li>
<li class=""item""><a href=""#privacy-policy-title-11"">Online Account Registration</a></li>
<li class=""item""><a href=""#privacy-policy-title-12"">Emails</a></li>
<li class=""item""><a href=""#privacy-policy-title-13"">Acceptance</a></li>
<li class=""item""><a href=""#privacy-policy-title-14"">Questions for Luma?</a></li>
</ul>
</div></div></div><div class=""pagebuilder-column"" data-content-type=""column"" data-appearance=""full-height"" data-background-images=""{}"" data-element=""main"" style=""justify-content: flex-start; display: flex; flex-direction: column; background-position: left top; background-size: cover; background-repeat: no-repeat; background-attachment: scroll; border-style: none; border-width: 1px; border-radius: 0px; width: 75%; margin: 0px; padding: 10px 10px 10px 30px; align-self: stretch;""><div data-content-type=""text"" data-appearance=""default"" data-element=""main"" style=""border-style: none; border-width: 1px; border-radius: 0px; margin: 0px; padding: 0px;""><p>This website (""website"") is operated by Luma Inc., which includes Luma stores, and Luma Private Sales. This privacy policy only covers information collected at this website, and does not cover any information collected offline by Luma. All Luma websites are covered by this privacy policy.</p>
<h2 id=""privacy-policy-title-1"">Luma Security</h2>
<p>Personal information provided on the website and online credit card transactions are transmitted through a secure server. We are committed to handling your personal information with high standards of information security. We take appropriate physical, electronic, and administrative steps to maintain the security and accuracy of personally identifiable information we collect, including limiting the number of people who have physical access to our database servers, as well as employing electronic security systems and password protections that guard against unauthorized access.</p>
<p>Our website uses encryption technology, like Secure Sockets Layer (SSL), to protect your personal information during data transport. SSL encrypts ordering information such as your name, address, and credit card number. Our Customer Care center and stores also operate over a private, secure network. Please note that email is not encrypted and is not considered to be a secure means of transmitting credit card information.</p>
<h2 id=""privacy-policy-title-2"">Luma Privacy Policy</h2>
<p>To help us achieve our goal of providing the highest quality products and services, we use information from our interactions with you and other customers, as well as from other parties. Because we respect your privacy, we have implemented procedures to ensure that your personal information is handled in a safe, secure, and responsible manner. We have posted this privacy policy in order to explain our information collection practices and the choices you have about the way information is collected and used.</p>
<p>As we continue to develop the Luma website and take advantage of advances in technology to improve the services we offer, this privacy policy likely will change. We therefore encourage you to refer to this policy on an ongoing basis so that you understand our current privacy policy.</p>
<h2 id=""privacy-policy-title-3"">The Information We Collect</h2>
<p>Generally, you may browse the Luma website without providing any personally identifiable information. However, we may ask you to provide personally identifiable information at various times and places on this website. In some cases, if you choose not to provide us with the requested information, you may not be able to access all parts of this website or participate in all of its features, pricing, and product selection.</p>
<p>We may collect the following information:</p>
<ul>
<li>name</li>
<li>contact information including email address</li>
<li>demographic information such as postcode, preferences and interests</li>
<li>other information relevant to customer surveys and/or offers</li>
</ul>
<p>For the exhaustive list of cookies we collect see the <a tabindex=""0"" href=""#privacy-policy-title-10"">List of cookies we collect</a> section. From your purchases and other interactions with us, we obtain information concerning the specific products or services you purchase or use. When you visit this website, our web server automatically collects anonymous information such as log data and IP addresses, and may collect general information concerning your location. We may use the automatically collected information for a number of purposes, such as improving our site design, product assortments, customer service, and special promotions.</p>
<h2 id=""privacy-policy-title-4"">How We Use The Information We Collect</h2>
<p>We require this information to understand your needs and provide you with a better service, and in particular for the following reasons:</p>
<ul>
<li>Internal record keeping.</li>
<li>We may use the information to improve our products and services.</li>
<li>We may periodically send promotional emails about new products, special offers or other information which we think you may find interesting using the email address which you have provided.</li>
<li>From time to time, we may also use your information to contact you for market research purposes. We may contact you by email, phone, fax or mail. We may use the information to customize the website according to your interests.</li>
</ul>
<h2 id=""privacy-policy-title-5"">Security</h2>
<p>We are committed to ensuring that your information is secure. In order to prevent unauthorized access or disclosure, we have put in place suitable physical, electronic and managerial procedures to safeguard and secure the information we collect online.</p>
<h2 id=""privacy-policy-title-6"">Others With Whom We Share Your Information.</h2>
<p><strong>The Luma Group:</strong> All of the above information that we collect, as described above, may be shared among all Luma entities, including Luma Venia and Luma Terra stores, website and Private Sales.</p>
<p><strong>Service Providers:</strong> We also may disclose information to outside companies that help us bring you the products and services we offer. For example, we may work with an outside company to: (a) manage a database of customer information; (b) assist us in distributing emails; (c) assist us with direct marketing and data collection; (d) provide us storage and analysis; (d) provide fraud prevention; and (e) provide other services designed to assist us in maximizing our business potential. We require that these outside companies agree to keep confidential all information we share with them and to use the information only to perform their obligations in our agreements with them.</p>
<p><strong>Other Companies:</strong> We may provide information to carefully selected outside companies when we believe their products or services may be of interest to you.</p>
<p><strong>Business Transitions:</strong> We may transfer or share a copy of personal information about you in the event that Luma or one of its properties, affiliates, or subsidiaries goes through a business transition, such as a merger, being acquired by another company, or selling a portion of its assets. You will be notified via email or prominent notice on our website prior to a change of ownership or control of your personal information, if your personal information will be used contrary to this policy. However, nothing in this Privacy Policy is intended to interfere with the ability of Luma to transfer all or part of its business and/or assets to an affiliate or independent third party at any time, for any purpose, without any limitation whatsoever.</p>
<p>Luma specifically reserves the right to transfer or share a copy of personally identifiable information collected from its websites to the buyer of that portion of its business relating to that information.</p>
<p><strong>Compliance with Law:</strong> We may provide access to information when legally required to do so, to cooperate with police investigations or other legal proceedings, to protect against misuse or unauthorized use of our website, to limit our legal liability, and to protect our rights or to protect the rights, property, or safety of visitors of this website or the public.</p>
<p>Luma partners with advertising companies to place our advertising on publisher websites on the Internet. These advertising companies collect anonymous information about your visits to our web site. This technology involves the use of third party cookies that allow them to develop personalized advertising so that it directly relates to offers that may be of interest to you. You may choose to opt-out of this service we have with our third-party advertising partner. We may also use Luma cookies to provide similar enhanced online marketing to you based on your interests and preferences. You may also choose to opt out of these enhanced online marketing ads.</p>
<h2 id=""privacy-policy-title-7"">Your Choices Regarding Use Of The Information We Collect</h2>
<p>You have several choices regarding our handling of your nonpublic personally identifiable information.</p>
<p><strong>Direct Mail or Telephone Marketing:</strong> If you shop at the Luma or Private Sales stores and wish to be removed from the list of customers that receive direct mail or telemarketing calls, please either write to Luma Customer Care at 112 West 34th Street, 18th Flr. New York, NY 10120 or call +1 800-403-8838. If you choose to write to us, please include your name, address, and credit card account number (if you have one), and state one of the following:</p>
<ul>
<li>""NO MAIL OFFERS"" (if you don't want to receive offers by mail);</li>
<li>""NO PHONE OFFERS"" (if you don't want to receive offers by phone);</li>
<li>""NO PHONE OR MAIL OFFERS"" (if you don't want to receive either).</li>
</ul>
<p>&nbsp;</p>
<p>Because customer lists often are prepared well in advance of an offering (sometimes a few months before the offer is made), you may continue to receive some offers after you send us a request not to use your information for specified marketing purposes. We appreciate your patience and understanding in giving us time to carry out your request.</p>
<h2 id=""privacy-policy-title-8"">Your California Privacy Rights</h2>
<p>Under California Civil Code sections 1798.83-1798.84, California residents are entitled to ask us for a notice describing what categories of personal customer information we share with third parties or corporate affiliates for those third parties or corporate affiliates' direct marketing purposes. That notice will identify the categories of information shared and will include a list of the third parties and affiliates with which it was shared, along with their names and addresses. If you are a California resident and would like a copy of this notice, please submit a written request to the following address: Luma Customer Care, 112 West 34th Street, 18th Floor, New York, NY 10120. Please allow 30 days for a response.</p>
<h2 id=""privacy-policy-title-9"">Cookies, Web Beacons, and How We Use Them</h2>
<p>A cookie is a small file which asks permission to be placed on your computer's hard drive. Once you agree, the file is added and the cookie helps analyze web traffic or lets you know when you visit a particular site. Cookies allow web applications to respond to you as an individual. The web application can tailor its operations to your needs, likes and dislikes by gathering and remembering information about your preferences.</p>
<p>We use traffic log cookies to identify which pages are being used. This helps us analyze data about web page traffic and improve our website in order to tailor it to customer needs. We only use this information for statistical analysis purposes and then the data is removed from the system.</p>
<p>Overall, cookies help us provide you with a better website, by enabling us to monitor which pages you find useful and which you do not. A cookie in no way gives us access to your computer or any information about you, other than the data you choose to share with us. You can choose to accept or decline cookies. Most web browsers automatically accept cookies, but you can usually modify your browser setting to decline cookies if you prefer. This may prevent you from taking full advantage of the website.</p>
<p>A ""web beacon"" or ""pixel tag"" or ""clear gif"" is typically a one-pixel image, used to pass information from your computer or mobile device to a website.</p>
<p>We use cookies and web beacons to keep track of what you have in your shopping cart and to remember you when you return to the website as well as to identify the pages you click on during your visit to our site and the name of the website you visited immediately before clicking to the Luma website. We use this information to improve our site design, product assortments, customer service, and special promotions. You can, of course, disable cookies and web beacons on your computer by indicating this in the preferences or options menus in your browser. However, it is possible that some parts of our website will not operate correctly if you disable cookies. We may also use web beacons, and other technologies, to help track whether our communications are reaching you, to measure their effectiveness, or to collect certain non-personal information about your computer, device, or browser in order to allow us to better design future communications to you.</p>
<p>We may contract with third parties who may use cookies and web beacons and collect information on our behalf or provide services such as credit card processing, shipping, promotional services, or data management. We call them our Customer Care Partners. These third parties are prohibited by our contract with them from sharing that information with anyone other than us or our other Customer Care Partners.</p>
<h2 id=""privacy-policy-title-10"">List of cookies we collect</h2>
<p>The table below lists the cookies we collect and the information they store.</p>
<table class=""data-table"">
<thead>
<tr>
<th>COOKIE name</th>
<th>COOKIE Description</th>
</tr>
</thead>
<tbody>
<tr>
<th>CART</th>
<td>The association with your shopping cart.</td>
</tr>
<tr>
<th>CATEGORY_INFO</th>
<td>Allows pages to be displayed more quickly.</td>
</tr>
<tr>
<th>COMPARE</th>
<td>The items that you have in the Compare Products list.</td>
</tr>
<tr>
<th>CUSTOMER</th>
<td>An encrypted version of your customer id.</td>
</tr>
<tr>
<th>CUSTOMER_AUTH</th>
<td>An indicator if you are signed into the store.</td>
</tr>
<tr>
<th>CUSTOMER_INFO</th>
<td>An encrypted version of the customer group you belong to.</td>
</tr>
<tr>
<th>CUSTOMER_SEGMENT_IDS</th>
<td>Stores your Customer Segment ID</td>
</tr>
<tr>
<th>EXTERNAL_NO_CACHE</th>
<td>A flag that, indicates whether caching is on or off.</td>
</tr>
<tr>
<th>FRONTEND</th>
<td>Your session ID on the server.</td>
</tr>
<tr>
<th>GUEST-VIEW</th>
<td>Allows guests to edit their orders.</td>
</tr>
<tr>
<th>LAST_CATEGORY</th>
<td>The last category you visited.</td>
</tr>
<tr>
<th>LAST_PRODUCT</th>
<td>The last product you looked at.</td>
</tr>
<tr>
<th>NEWMESSAGE</th>
<td>Indicates whether a new message has been received.</td>
</tr>
<tr>
<th>NO_CACHE</th>
<td>Indicates whether it is allowed to use cache.</td>
</tr>
<tr>
<th>PERSISTENT_SHOPPING_CART</th>
<td>A link to information about your cart and viewing history if you have asked the site.</td>
</tr>
<tr>
<th>RECENTLYCOMPARED</th>
<td>The items you recently compared.</td>
</tr>
<tr>
<th>STF</th>
<td>Information on products you emailed to friends.</td>
</tr>
<tr>
<th>STORE</th>
<td>The store view or language you have selected.</td>
</tr>
<tr>
<th>USER_ALLOWED_SAVE_COOKIE</th>
<td>Indicates whether a customer authorized cookies.</td>
</tr>
<tr>
<th>VIEWED_PRODUCT_IDS</th>
<td>The products that you recently looked at.</td>
</tr>
<tr>
<th>WISHLIST</th>
<td>An encrypted list of products added to your wish list.</td>
</tr>
<tr>
<th>WISHLIST_CNT</th>
<td>The number of items in your wish list.</td>
</tr>
</tbody>
</table>
<h2 id=""privacy-policy-title-11"">Online Account Registration</h2>
<p>To make online shopping faster and easier, you may register on the Luma website. As a registered customer, you only have to enter your shipping addresses and billing information once; they will be securely stored with us for your future use. Using your name and a password of your choice, you may access your account online at any time to add, delete, or change information. If you are using a public computer, we strongly encourage you to Sign Out when you finish shopping. Your information will still be stored with us but it will not be accessible to anyone else from that computer.</p>
<h2 id=""privacy-policy-title-12"">Emails</h2>
<p>You will receive promotional emails from us only if you have asked to receive them. If you do not want to receive email from Luma or its affiliates you can click on the ""Unsubscribe"" link at the bottom of any email communication sent by us. Please allow us 3 business days from when the request was received to complete the removal, as some of our promotions may already have been in process before you submitted your request.</p>
<h2 id=""privacy-policy-title-13"">Acceptance</h2>
<p>By using this website, you accept the policies set forth in this Privacy Policy.</p>
<h2 id=""privacy-policy-title-14"">Questions for Luma?</h2>
<p><a tabindex=""0"" href=""https://luma-europe-fxo3gfa-pa2p6kzfphbvi.demo.magentosite.cloud/gbp/contact/"">Contact Us</a></p></div></div></div></div></div>"
luma_gb_en,reward-points,Reward Points,1column,"<div data-content-type=""row"" data-appearance=""contained"" data-element=""main""><div data-enable-parallax=""0"" data-parallax-speed=""0.5"" data-background-images=""{}"" data-background-type=""image"" data-video-loop=""true"" data-video-play-only-visible=""true"" data-video-lazy-load=""true"" data-video-fallback-src="""" data-element=""inner"" style=""justify-content: flex-start; display: flex; flex-direction: column; background-position: left top; background-size: cover; background-repeat: no-repeat; background-attachment: scroll; border-style: none; border-width: 1px; border-radius: 0px; margin: 0px 0px 10px; padding: 10px;""><h1 data-content-type=""heading"" data-appearance=""default"" data-element=""main"" style=""border-style: none; border-width: 1px; border-radius: 0px;"">Reward Points</h1><div data-content-type=""text"" data-appearance=""default"" data-element=""main"" style=""border-style: none; border-width: 1px; border-radius: 0px; margin: 0px; padding: 0px;""><p>The Reward Points Program allows you to earn points for certain actions you take on the site. Points are awarded based on making purchases and customer actions such as submitting reviews.</p>
<h2>Benefits of Reward Points for Registered Customers</h2>
<p>Once you register you will be able to earn and accrue reward points, which are then redeemable at time of purchase towards the cost of your order. Rewards are an added bonus to your shopping experience on the site and just one of the ways we thank you for being a loyal customer.</p>
<h2>Earning Reward Points</h2>
<p>Rewards can currently be earned for the following actions:</p>
<ul>
<li>Making purchases - every time you make a purchase you earn points based on the price of products purchased and these points are added to your Reward Points balance.</li>
<li>Registering on the site.</li>
<li>Subscribing to a newsletter for the first time.</li>
<li>Sending Invitations - Earn points by inviting your friends to join the site.</li>
<li>Converting Invitations to Customer - Earn points for every invitation you send out which leads to your friends registering on the site.</li>
<li>Converting Invitations to Order - Earn points for every invitation you send out which leads to a sale.</li>
<li>Review Submission - Earn points for submitting product reviews.</li>
</ul>
<h2>Reward Points Exchange Rates</h2>
<p>The value of reward points is determined by an exchange rate of both currency spent on products to points, and an exchange rate of points earned to currency for spending on future purchases.</p>
<h2>Redeeming Reward Points</h2>
<p>You can redeem your reward points at checkout. If you have accumulated enough points to redeem them you will have the option of using points as one of the payment methods. The option to use reward points, as well as your balance and the monetary equivalent this balance, will be shown to you in the Payment Method area of the checkout. Redeemable reward points can be used in conjunction with other payment methods such as credit cards, gift cards and more.</p></div><figure data-content-type=""image"" data-appearance=""full-width"" data-element=""main"" style=""margin: 30px 0px; padding: 0px; border-style: none;""><img class=""pagebuilder-mobile-hidden"" src=""{{media url=wysiwyg/rewardpoints/payment.png}}"" alt="""" title="""" data-element=""desktop_image"" style=""border-style: none; border-width: 1px; border-radius: 0px; max-width: 100%; height: auto;""><img class=""pagebuilder-mobile-only"" src=""{{media url=wysiwyg/rewardpoints/payment.png}}"" alt="""" title="""" data-element=""mobile_image"" style=""border-style: none; border-width: 1px; border-radius: 0px; max-width: 100%; height: auto;""></figure><div data-content-type=""text"" data-appearance=""default"" data-element=""main"" style=""border-style: none; border-width: 1px; border-radius: 0px; margin: 0px; padding: 0px;""><h2>Reward Points Minimums and Maximums</h2>
<p>Reward points may be capped at a minimum value required for redemption. If this option is selected you will not be able to use your reward points until you accrue a minimum number of points, at which point they will become available for redemption.</p>
<p>Reward points may also be capped at the maximum value of points which can be accrued. If this option is selected you will need to redeem your accrued points before you are able to earn more points.</p>
<h2>Managing My Reward Points</h2>
<p>You have the ability to view and manage your points through your <a tabindex=""0"" href=""{{store url=&quot;customer/account&quot;}}"">Customer Account</a>. From your account you will be able to view your total points (and currency equivalent), minimum needed to redeem, whether you have reached the maximum points limit and a cumulative history of points acquired, redeemed and lost. The history record will retain and display historical rates and currency for informational purposes. The history will also show you comprehensive informational messages regarding points, including expiration notifications.</p></div><figure data-content-type=""image"" data-appearance=""full-width"" data-element=""main"" style=""margin: 30px 0px; padding: 0px; border-style: none;""><img class=""pagebuilder-mobile-hidden"" src=""{{media url=wysiwyg/my_account.png}}"" alt="""" title="""" data-element=""desktop_image"" style=""border-style: none; border-width: 1px; border-radius: 0px; max-width: 100%; height: auto;""><img class=""pagebuilder-mobile-only"" src=""{{media url=wysiwyg/my_account.png}}"" alt="""" title="""" data-element=""mobile_image"" style=""border-style: none; border-width: 1px; border-radius: 0px; max-width: 100%; height: auto;""></figure><div data-content-type=""text"" data-appearance=""default"" data-element=""main"" style=""border-style: none; border-width: 1px; border-radius: 0px; margin: 0px; padding: 0px;""><h2>Reward Points Expiration</h2>
<p>Reward points can be set to expire. Points will expire in the order form which they were first earned.</p>
<p><strong>Note</strong>: You can sign up to receive email notifications each time your balance changes when you either earn, redeem or lose points, as well as point expiration notifications. This option is found in the <a tabindex=""0"" href=""{{store url=&quot;reward/customer/info&quot;}}"">Reward Points section</a> of the My Account area.</p></div></div></div>"
luma_gb_en,about-us,About us,cms-full-width,"<div data-content-type=""row"" data-appearance=""contained"" data-element=""main""><div data-enable-parallax=""0"" data-parallax-speed=""0.5"" data-background-images=""{}"" data-background-type=""image"" data-video-loop=""true"" data-video-play-only-visible=""true"" data-video-lazy-load=""true"" data-video-fallback-src="""" data-element=""inner"" style=""justify-content: flex-start; display: flex; flex-direction: column; background-position: left top; background-size: cover; background-repeat: no-repeat; background-attachment: scroll; border-style: none; border-width: 1px; border-radius: 0px; margin: 0px 0px 10px; padding: 10px;""><div class=""pagebuilder-column-group"" style=""display: flex;"" data-content-type=""column-group"" data-grid-size=""12"" data-element=""main""><div class=""pagebuilder-column"" data-content-type=""column"" data-appearance=""align-center"" data-background-images=""{}"" data-element=""main"" style=""justify-content: flex-start; display: flex; flex-direction: column; background-position: left top; background-size: cover; background-repeat: no-repeat; background-attachment: scroll; text-align: center; border-style: none; border-width: 1px; border-radius: 0px; width: 33.3333%; margin: 0px; padding: 10px; align-self: center;""><h1 data-content-type=""heading"" data-appearance=""default"" data-element=""main"" style=""border-style: none; border-width: 1px; border-radius: 0px;"">About Luma</h1><h2 data-content-type=""heading"" data-appearance=""default"" data-element=""main"" style=""border-style: none; border-width: 1px; border-radius: 0px;"">Wellness for everyone</h2></div><div class=""pagebuilder-column"" data-content-type=""column"" data-appearance=""full-height"" data-background-images=""{}"" data-element=""main"" style=""justify-content: flex-start; display: flex; flex-direction: column; background-position: left top; background-size: cover; background-repeat: no-repeat; background-attachment: scroll; border-style: none; border-width: 1px; border-radius: 0px; width: 66.6667%; margin: 0px; padding: 10px; align-self: stretch;""><figure data-content-type=""image"" data-appearance=""full-width"" data-element=""main"" style=""margin: 0px; padding: 0px; border-style: none;""><img class=""pagebuilder-mobile-hidden"" src=""{{media url=wysiwyg/AdobeStock_251503988_result.jpg}}"" alt="""" title="""" data-element=""desktop_image"" style=""border-style: none; border-width: 1px; border-radius: 0px; max-width: 100%; height: auto;""><img class=""pagebuilder-mobile-only"" src=""{{media url=wysiwyg/AdobeStock_251503988_result.jpg}}"" alt="""" title="""" data-element=""mobile_image"" style=""border-style: none; border-width: 1px; border-radius: 0px; max-width: 100%; height: auto;""></figure></div></div></div></div><div data-content-type=""row"" data-appearance=""full-width"" data-enable-parallax=""0"" data-parallax-speed=""0.5"" data-background-images=""{}"" data-background-type=""image"" data-video-loop=""true"" data-video-play-only-visible=""true"" data-video-lazy-load=""true"" data-video-fallback-src="""" data-element=""main"" style=""justify-content: flex-start; display: flex; flex-direction: column; background-color: rgb(249, 249, 249); background-position: left top; background-size: cover; background-repeat: no-repeat; background-attachment: scroll; border-style: none; border-width: 1px; border-radius: 0px; margin: 0px 0px 40px; padding: 30px 10px;""><div class=""row-full-width-inner"" data-element=""inner""><div class=""pagebuilder-column-group"" style=""display: flex;"" data-content-type=""column-group"" data-grid-size=""12"" data-element=""main""><div class=""pagebuilder-column"" data-content-type=""column"" data-appearance=""full-height"" data-background-images=""{}"" data-element=""main"" style=""justify-content: flex-start; display: flex; flex-direction: column; background-position: left top; background-size: cover; background-repeat: no-repeat; background-attachment: scroll; border-style: none; border-width: 1px; border-radius: 0px; width: 25%; margin: 0px; padding: 0px; align-self: stretch;""></div><div class=""pagebuilder-column"" data-content-type=""column"" data-appearance=""full-height"" data-background-images=""{}"" data-element=""main"" style=""justify-content: center; display: flex; flex-direction: column; background-position: left top; background-size: cover; background-repeat: no-repeat; background-attachment: scroll; border-style: none; border-width: 1px; border-radius: 0px; width: 50%; margin: 0px; padding: 10px; align-self: stretch;""><div data-content-type=""text"" data-appearance=""default"" data-element=""main"" style=""border-style: none; border-width: 1px; border-radius: 0px; margin: 0px; padding: 0px;""><h3 style=""text-align: center;"">We're passionate about active lifestyles - and it goes way beyond apparel.</h3></div><div data-content-type=""buttons"" data-appearance=""inline"" data-same-width=""true"" data-element=""main"" style=""text-align: center; border-style: none; border-width: 1px; border-radius: 0px; margin: 20px 0px; padding: 10px 10px 0px;""><div data-content-type=""button-item"" data-appearance=""default"" data-element=""main"" style=""display: inline-block;""><div class=""pagebuilder-button-secondary"" data-element=""empty_link"" style=""text-align: center;""><span data-element=""link_text"">New Collections</span></div></div><div data-content-type=""button-item"" data-appearance=""default"" data-element=""main"" style=""display: inline-block;""><div class=""pagebuilder-button-secondary"" data-element=""empty_link"" style=""text-align: center;""><span data-element=""link_text"">Store Finder</span></div></div></div><div data-content-type=""text"" data-appearance=""default"" data-element=""main"" style=""border-style: none; border-width: 1px; border-radius: 0px; margin: 0px; padding: 0px;""><h4 style=""text-align: center;"">With more than 200 stores spanning the UK, Europe and Internationally, Luma is an internationally recognised active wear manufacturer and retailer.</h4></div></div><div class=""pagebuilder-column"" data-content-type=""column"" data-appearance=""full-height"" data-background-images=""{}"" data-element=""main"" style=""justify-content: flex-start; display: flex; flex-direction: column; background-position: left top; background-size: cover; background-repeat: no-repeat; background-attachment: scroll; border-style: none; border-width: 1px; border-radius: 0px; width: 25%; margin: 0px; padding: 0px; align-self: stretch;""></div></div></div></div><div data-content-type=""row"" data-appearance=""contained"" data-element=""main""><div data-enable-parallax=""0"" data-parallax-speed=""0.5"" data-background-images=""{}"" data-background-type=""image"" data-video-loop=""true"" data-video-play-only-visible=""true"" data-video-lazy-load=""true"" data-video-fallback-src="""" data-element=""inner"" style=""justify-content: flex-start; display: flex; flex-direction: column; background-position: left top; background-size: cover; background-repeat: no-repeat; background-attachment: scroll; border-style: none; border-width: 1px; border-radius: 0px; margin: 200px 0px 150px; padding: 10px;""><div class=""pagebuilder-column-group"" style=""display: flex;"" data-content-type=""column-group"" data-grid-size=""12"" data-element=""main""><div class=""pagebuilder-column"" data-content-type=""column"" data-appearance=""full-height"" data-background-images=""{\&quot;desktop_image\&quot;:\&quot;{{media url=wysiwyg/AdobeStock_193167636_result.jpg}}\&quot;}"" data-element=""main"" style=""justify-content: flex-start; display: flex; flex-direction: column; background-position: center center; background-size: cover; background-repeat: no-repeat; background-attachment: scroll; border-style: none; border-width: 1px; border-radius: 0px; min-height: 500px; width: 58.3333%; margin: -150px 0px; padding: 10px; align-self: stretch;""></div><div class=""pagebuilder-column"" data-content-type=""column"" data-appearance=""full-height"" data-background-images=""{}"" data-element=""main"" style=""justify-content: center; display: flex; flex-direction: column; background-color: rgb(255, 255, 255); background-position: left top; background-size: cover; background-repeat: no-repeat; background-attachment: scroll; border-style: solid; border-color: rgb(240, 240, 240); border-width: 2px; border-radius: 0px; width: calc(41.6667% - 0px); margin: 0px 100px 0px -100px; padding: 40px; align-self: stretch;""><div data-content-type=""text"" data-appearance=""default"" data-element=""main"" style=""border-style: none; border-width: 1px; border-radius: 0px; margin: 0px; padding: 0px;""><p>At Luma, wellness is a way of life. We don't believe age, gender or past actions define you, only your ambition and desire for wholeness... today.</p>
<p>We differentiate ourselves through a combination of unique designs and styles merged with unequaled standards of quality and authenticity. Our founders have deep roots in yoga and health communities and our selections serve amateur practitioners and professional athletes alike.</p></div></div></div></div></div>"
luma_gb_en,customer-service,Customer Service,1column,"<div data-content-type=""row"" data-appearance=""contained"" data-element=""main""><div data-enable-parallax=""0"" data-parallax-speed=""0.5"" data-background-images=""{}"" data-background-type=""image"" data-video-loop=""true"" data-video-play-only-visible=""true"" data-video-lazy-load=""true"" data-video-fallback-src="""" data-element=""inner"" style=""justify-content: flex-start; display: flex; flex-direction: column; background-position: left top; background-size: cover; background-repeat: no-repeat; background-attachment: scroll; border-style: none; border-width: 1px; border-radius: 0px; margin: 0px 0px 10px; padding: 10px;""><h1 data-content-type=""heading"" data-appearance=""default"" data-element=""main"" style=""border-style: none; border-width: 1px; border-radius: 0px;"">Customer Service</h1></div></div><div data-content-type=""row"" data-appearance=""contained"" data-element=""main""><div data-enable-parallax=""0"" data-parallax-speed=""0.5"" data-background-images=""{}"" data-background-type=""image"" data-video-loop=""true"" data-video-play-only-visible=""true"" data-video-lazy-load=""true"" data-video-fallback-src="""" data-element=""inner"" style=""justify-content: flex-start; display: flex; flex-direction: column; background-position: left top; background-size: cover; background-repeat: no-repeat; background-attachment: scroll; border-style: none; border-width: 1px; border-radius: 0px; margin: 0px 0px 10px; padding: 10px;""><div class=""pagebuilder-column-group"" style=""display: flex;"" data-content-type=""column-group"" data-grid-size=""12"" data-element=""main""><div class=""pagebuilder-column"" data-content-type=""column"" data-appearance=""full-height"" data-background-images=""{}"" data-element=""main"" style=""justify-content: flex-start; display: flex; flex-direction: column; background-color: rgb(240, 240, 240); background-position: left top; background-size: cover; background-repeat: no-repeat; background-attachment: scroll; border-style: none; border-width: 1px; border-radius: 0px; width: 100%; margin: 0px; padding: 10px; align-self: stretch;""><div data-content-type=""text"" data-appearance=""default"" data-element=""main"" style=""border-style: none; border-width: 1px; border-radius: 0px; margin: 0px; padding: 0px;""><h2>Luma Delivery and Returns</h2>
<p>We hope you love shopping with Luma. Here are our delivery and returns policies to help make sure we meet your expectations. <a href=""/gbp/contact/"">Contact Us.</a></p></div></div></div></div></div><div data-content-type=""row"" data-appearance=""contained"" data-element=""main""><div data-enable-parallax=""0"" data-parallax-speed=""0.5"" data-background-images=""{}"" data-background-type=""image"" data-video-loop=""true"" data-video-play-only-visible=""true"" data-video-lazy-load=""true"" data-video-fallback-src="""" data-element=""inner"" style=""justify-content: flex-start; display: flex; flex-direction: column; background-position: left top; background-size: cover; background-repeat: no-repeat; background-attachment: scroll; border-style: none; border-width: 1px; border-radius: 0px; margin: 0px 0px 10px; padding: 10px;""><div data-content-type=""text"" data-appearance=""default"" data-element=""main"" style=""border-style: none; border-width: 1px; border-radius: 0px; margin: 0px; padding: 0px;""><h2>Shipping and Delivery</h2>
<p>Shipping and Delivery is the charge for internet order processing, item selection, packaging, transport and handling. We don't guarantee delivery times, but we do our best to provide accurate estimates.</p>
<p>Deliveries occur only on weekdays. Shipping and Delivery charges are subject to change and are determined when you order. Estimated delivery time assumes orders are placed before 12:00 noon (PST). Orders you place with Luma late on Friday or on Saturday will not be processed until Monday. Charges may be added to orders with Priority, Overnight and International shipping if we try unsuccessfully to deliver your order more than once.</p>
<p>Delivery addresses in Alaska, Hawaii, Puerto Rico, and Guam should add an additional $5.00 charge for standard Shipping &amp; Delivery. Orders arrive in 7 to 9 business days when ordered before 12:00 noon (PST).</p>
<div class=""table-wrapper"">
<table><caption>Shipping and Delivery</caption>
<thead>
<tr>
<th><strong>Merchandise total *</strong></th>
<th><strong>STANDARD</strong><br>5-7 day shipping **</th>
<th><strong>PRIORITY</strong><br>2-3 day shipping **</th>
<th><strong>OVERNIGHT</strong><br>Next business day **</th>
</tr>
</thead>
<tbody>
<tr>
<th>Up to $200</th>
<td>$16</td>
<td>$26</td>
<td>$33</td>
</tr>
<tr>
<th>$200.01-500.00</th>
<td>$21</td>
<td>$31</td>
<td>$38</td>
</tr>
<tr>
<th>$500.01-1000.00</th>
<td>$29</td>
<td>$39</td>
<td>$46</td>
</tr>
<tr>
<th>Over $1000.00</th>
<td>$34</td>
<td>$44</td>
<td>$51</td>
</tr>
</tbody>
</table>
</div>
<p><small>*before tax and additional charges</small><br><small>**after processing if ordered by 12:00 noon PST</small></p></div><div data-content-type=""text"" data-appearance=""default"" data-element=""main"" style=""border-style: none; border-width: 1px; border-radius: 0px; margin: 0px; padding: 0px;""><h2 style=""margin-top: 40px;"">Returns and Replacements</h2>
<p>We want you to be completely happy with your Luma order. If for any reason you are not satisfied, we will gladly accept your timely return of unworn, unwashed, or defective merchandise. Used merchandise cannot be returned unless defective. Returned merchandise should include the vendor packaging and tags and be in the same condition as when it was received. A pickup and/or restock fee may apply. Merchandise must be returned within 30 days of receipt of merchandise.</p>
<h3>Returning Gifts</h3>
<p>When returning a gift, a Luma Gift Card will be issued to the gift recipient for the amount of the returned merchandise. The card can be used for purchases from any Luma store, and online. In compliance with Federal law, for gifts valued at more than $2,000.00, the recipient will receive a check rather than an Luma Gift Card.</p>
<h3>Returning Merchandise by Mail</h3>
<p>On the back of the packing slip enclosed with your Luma order, please note the reason(s) for return and whether you wish to exchange the item(s) or receive a credit/refund (depending on the original form of payment).</p>
<p>Enclose the return section of the packing slip with your item(s). Please use one of the return labels provided on the front of your packing slip to ensure proper return address and credit information. Restricted items must be returned using ground transportation.</p>
<p>Please allow 10 to 14 days for Luma to process your return.</p></div></div></div>"