sku,categories,product_websites
24-MB01,"Luma Europe Catalogue/Accessories,Luma Europe Catalogue/Accessories/Bags","luma_gbp,luma_euro"
24-MB04,"Luma Europe Catalogue/Accessories,Luma Europe Catalogue/Accessories/Bags","luma_gbp,luma_euro"
24-MB03,"Luma Europe Catalogue/Accessories,Luma Europe Catalogue/Accessories/Bags","luma_gbp,luma_euro"
24-MB05,"Luma Europe Catalogue/Accessories,Luma Europe Catalogue/Accessories/Bags","luma_gbp,luma_euro"
24-MB06,"Luma Europe Catalogue/Accessories,Luma Europe Catalogue/Accessories/Bags","luma_gbp,luma_euro"
24-MB02,"Luma Europe Catalogue/Accessories,Luma Europe Catalogue/Accessories/Bags","luma_gbp,luma_euro"
24-UB02,"Luma Europe Catalogue/Accessories,Luma Europe Catalogue/Accessories/Bags","luma_gbp,luma_euro"
24-WB01,"Luma Europe Catalogue/Accessories,Luma Europe Catalogue/Accessories/Bags","luma_gbp,luma_euro"
24-WB02,"Luma Europe Catalogue/Accessories,Luma Europe Catalogue/Accessories/Bags","luma_gbp,luma_euro"
24-WB05,"Luma Europe Catalogue/Accessories,Luma Europe Catalogue/Accessories/Bags","luma_gbp,luma_euro"
24-WB06,"Luma Europe Catalogue/Accessories,Luma Europe Catalogue/Accessories/Bags","luma_gbp,luma_euro"
24-WB03,"Luma Europe Catalogue/Accessories,Luma Europe Catalogue/Accessories/Bags","luma_gbp,luma_euro"
24-WB07,"Luma Europe Catalogue/Accessories,Luma Europe Catalogue/Accessories/Bags","luma_gbp,luma_euro"
24-WB04,"Luma Europe Catalogue/Accessories,Luma Europe Catalogue/Accessories/Bags","luma_gbp,luma_euro"
24-UG06,"Luma Europe Catalogue/Accessories,Luma Europe Catalogue/Accessories/Fitness Equipment","luma_gbp,luma_euro"
24-UG07,"Luma Europe Catalogue/Accessories,Luma Europe Catalogue/Accessories/Fitness Equipment","luma_gbp,luma_euro"
24-UG04,"Luma Europe Catalogue/Accessories,Luma Europe Catalogue/Accessories/Fitness Equipment","luma_gbp,luma_euro"
24-UG02,"Luma Europe Catalogue/Accessories,Luma Europe Catalogue/Accessories/Fitness Equipment","luma_gbp,luma_euro"
24-UG05,"Luma Europe Catalogue/Accessories,Luma Europe Catalogue/Accessories/Fitness Equipment","luma_gbp,luma_euro"
24-UG01,"Luma Europe Catalogue/Accessories,Luma Europe Catalogue/Accessories/Fitness Equipment","luma_gbp,luma_euro"
24-WG084,"Luma Europe Catalogue/Accessories,Luma Europe Catalogue/Accessories/Fitness Equipment","luma_gbp,luma_euro"
24-WG088,"Luma Europe Catalogue/Accessories,Luma Europe Catalogue/Accessories/Fitness Equipment","luma_gbp,luma_euro"
24-UG03,"Luma Europe Catalogue/Accessories,Luma Europe Catalogue/Accessories/Fitness Equipment","luma_gbp,luma_euro"
24-WG081-gray,"Luma Europe Catalogue/Accessories,Luma Europe Catalogue/Accessories/Fitness Equipment","luma_gbp,luma_euro"
24-WG081-pink,"Luma Europe Catalogue/Accessories,Luma Europe Catalogue/Accessories/Fitness Equipment","luma_gbp,luma_euro"
24-WG081-blue,"Luma Europe Catalogue/Accessories,Luma Europe Catalogue/Accessories/Fitness Equipment","luma_gbp,luma_euro"
24-WG082-gray,"Luma Europe Catalogue/Accessories,Luma Europe Catalogue/Accessories/Fitness Equipment","luma_gbp,luma_euro"
24-WG082-pink,"Luma Europe Catalogue/Accessories,Luma Europe Catalogue/Accessories/Fitness Equipment","luma_gbp,luma_euro"
24-WG082-blue,"Luma Europe Catalogue/Accessories,Luma Europe Catalogue/Accessories/Fitness Equipment","luma_gbp,luma_euro"
24-WG083-gray,"Luma Europe Catalogue/Accessories,Luma Europe Catalogue/Accessories/Fitness Equipment","luma_gbp,luma_euro"
24-WG083-pink,"Luma Europe Catalogue/Accessories,Luma Europe Catalogue/Accessories/Fitness Equipment","luma_gbp,luma_euro"
24-WG083-blue,"Luma Europe Catalogue/Accessories,Luma Europe Catalogue/Accessories/Fitness Equipment","luma_gbp,luma_euro"
24-WG085,"Luma Europe Catalogue/Accessories,Luma Europe Catalogue/Accessories/Fitness Equipment","luma_gbp,luma_euro"
24-WG086,"Luma Europe Catalogue/Accessories,Luma Europe Catalogue/Accessories/Fitness Equipment","luma_gbp,luma_euro"
24-WG087,"Luma Europe Catalogue/Accessories,Luma Europe Catalogue/Accessories/Fitness Equipment","luma_gbp,luma_euro"
24-MG04,"Luma Europe Catalogue/Accessories,Luma Europe Catalogue/Accessories/Watches","luma_gbp,luma_euro"
24-MG01,"Luma Europe Catalogue/Accessories,Luma Europe Catalogue/Accessories/Watches","luma_gbp,luma_euro"
24-MG03,"Luma Europe Catalogue/Accessories,Luma Europe Catalogue/Accessories/Watches","luma_gbp,luma_euro"
24-MG05,"Luma Europe Catalogue/Accessories,Luma Europe Catalogue/Accessories/Watches","luma_gbp,luma_euro"
24-MG02,"Luma Europe Catalogue/Accessories,Luma Europe Catalogue/Accessories/Watches","luma_gbp,luma_euro"
24-WG09,"Luma Europe Catalogue/Accessories,Luma Europe Catalogue/Accessories/Watches","luma_gbp,luma_euro"
24-WG01,"Luma Europe Catalogue/Accessories,Luma Europe Catalogue/Accessories/Watches","luma_gbp,luma_euro"
24-WG03,"Luma Europe Catalogue/Accessories,Luma Europe Catalogue/Accessories/Watches","luma_gbp,luma_euro"
24-WG02,"Luma Europe Catalogue/Accessories,Luma Europe Catalogue/Accessories/Watches","luma_gbp,luma_euro"
240-LV04,"Luma Europe Catalogue/Training,Luma Europe Catalogue/Training/Video Download","luma_gbp,luma_euro"
240-LV05,"Luma Europe Catalogue/Training,Luma Europe Catalogue/Training/Video Download","luma_gbp,luma_euro"
240-LV06,"Luma Europe Catalogue/Training,Luma Europe Catalogue/Training/Video Download","luma_gbp,luma_euro"
240-LV07,"Luma Europe Catalogue/Training,Luma Europe Catalogue/Training/Video Download","luma_gbp,luma_euro"
240-LV08,"Luma Europe Catalogue/Training,Luma Europe Catalogue/Training/Video Download","luma_gbp,luma_euro"
240-LV09,"Luma Europe Catalogue/Training,Luma Europe Catalogue/Training/Video Download","luma_gbp,luma_euro"
24-WG085_Group,"Luma Europe Catalogue/Accessories,Luma Europe Catalogue/Accessories/Fitness Equipment","luma_gbp,luma_euro"
24-WG080,"Luma Europe Catalogue/Accessories,Luma Europe Catalogue/Accessories/Fitness Equipment","luma_gbp,luma_euro"
MH01-XS-Black,,"luma_gbp,luma_euro"
MH01-XS-Gray,,"luma_gbp,luma_euro"
MH01-XS-Orange,,"luma_gbp,luma_euro"
MH01-S-Black,,"luma_gbp,luma_euro"
MH01-S-Gray,,"luma_gbp,luma_euro"
MH01-S-Orange,,"luma_gbp,luma_euro"
MH01-M-Black,,"luma_gbp,luma_euro"
MH01-M-Gray,,"luma_gbp,luma_euro"
MH01-M-Orange,,"luma_gbp,luma_euro"
MH01-L-Black,,"luma_gbp,luma_euro"
MH01-L-Gray,,"luma_gbp,luma_euro"
MH01-L-Orange,,"luma_gbp,luma_euro"
MH01-XL-Black,,"luma_gbp,luma_euro"
MH01-XL-Gray,,"luma_gbp,luma_euro"
MH01-XL-Orange,,"luma_gbp,luma_euro"
MH01,Luma Europe Catalogue/Men/Tops/Hoodies & Sweatshirts,"luma_gbp,luma_euro"
MH02-XS-Black,,"luma_gbp,luma_euro"
MH02-XS-Purple,,"luma_gbp,luma_euro"
MH02-XS-Red,,"luma_gbp,luma_euro"
MH02-S-Black,,"luma_gbp,luma_euro"
MH02-S-Purple,,"luma_gbp,luma_euro"
MH02-S-Red,,"luma_gbp,luma_euro"
MH02-M-Black,,"luma_gbp,luma_euro"
MH02-M-Purple,,"luma_gbp,luma_euro"
MH02-M-Red,,"luma_gbp,luma_euro"
MH02-L-Black,,"luma_gbp,luma_euro"
MH02-L-Purple,,"luma_gbp,luma_euro"
MH02-L-Red,,"luma_gbp,luma_euro"
MH02-XL-Black,,"luma_gbp,luma_euro"
MH02-XL-Purple,,"luma_gbp,luma_euro"
MH02-XL-Red,,"luma_gbp,luma_euro"
MH02,Luma Europe Catalogue/Men/Tops/Hoodies & Sweatshirts,"luma_gbp,luma_euro"
MH03-XS-Black,,"luma_gbp,luma_euro"
MH03-XS-Blue,,"luma_gbp,luma_euro"
MH03-XS-Green,,"luma_gbp,luma_euro"
MH03-S-Black,,"luma_gbp,luma_euro"
MH03-S-Blue,,"luma_gbp,luma_euro"
MH03-S-Green,,"luma_gbp,luma_euro"
MH03-M-Black,,"luma_gbp,luma_euro"
MH03-M-Blue,,"luma_gbp,luma_euro"
MH03-M-Green,,"luma_gbp,luma_euro"
MH03-L-Black,,"luma_gbp,luma_euro"
MH03-L-Blue,,"luma_gbp,luma_euro"
MH03-L-Green,,"luma_gbp,luma_euro"
MH03-XL-Black,,"luma_gbp,luma_euro"
MH03-XL-Blue,,"luma_gbp,luma_euro"
MH03-XL-Green,,"luma_gbp,luma_euro"
MH03,Luma Europe Catalogue/Men/Tops/Hoodies & Sweatshirts,"luma_gbp,luma_euro"
MH04-XS-Green,,"luma_gbp,luma_euro"
MH04-XS-White,,"luma_gbp,luma_euro"
MH04-XS-Yellow,,"luma_gbp,luma_euro"
MH04-S-Green,,"luma_gbp,luma_euro"
MH04-S-White,,"luma_gbp,luma_euro"
MH04-S-Yellow,,"luma_gbp,luma_euro"
MH04-M-Green,,"luma_gbp,luma_euro"
MH04-M-White,,"luma_gbp,luma_euro"
MH04-M-Yellow,,"luma_gbp,luma_euro"
MH04-L-Green,,"luma_gbp,luma_euro"
MH04-L-White,,"luma_gbp,luma_euro"
MH04-L-Yellow,,"luma_gbp,luma_euro"
MH04-XL-Green,,"luma_gbp,luma_euro"
MH04-XL-White,,"luma_gbp,luma_euro"
MH04-XL-Yellow,,"luma_gbp,luma_euro"
MH04,Luma Europe Catalogue/Men/Tops/Hoodies & Sweatshirts,"luma_gbp,luma_euro"
MH05-XS-Green,,"luma_gbp,luma_euro"
MH05-XS-Red,,"luma_gbp,luma_euro"
MH05-XS-White,,"luma_gbp,luma_euro"
MH05-S-Green,,"luma_gbp,luma_euro"
MH05-S-Red,,"luma_gbp,luma_euro"
MH05-S-White,,"luma_gbp,luma_euro"
MH05-M-Green,,"luma_gbp,luma_euro"
MH05-M-Red,,"luma_gbp,luma_euro"
MH05-M-White,,"luma_gbp,luma_euro"
MH05-L-Green,,"luma_gbp,luma_euro"
MH05-L-Red,,"luma_gbp,luma_euro"
MH05-L-White,,"luma_gbp,luma_euro"
MH05-XL-Green,,"luma_gbp,luma_euro"
MH05-XL-Red,,"luma_gbp,luma_euro"
MH05-XL-White,,"luma_gbp,luma_euro"
MH05,Luma Europe Catalogue/Men/Tops/Hoodies & Sweatshirts,"luma_gbp,luma_euro"
MH06-XS-Black,,"luma_gbp,luma_euro"
MH06-XS-Blue,,"luma_gbp,luma_euro"
MH06-XS-Purple,,"luma_gbp,luma_euro"
MH06-S-Black,,"luma_gbp,luma_euro"
MH06-S-Blue,,"luma_gbp,luma_euro"
MH06-S-Purple,,"luma_gbp,luma_euro"
MH06-M-Black,,"luma_gbp,luma_euro"
MH06-M-Blue,,"luma_gbp,luma_euro"
MH06-M-Purple,,"luma_gbp,luma_euro"
MH06-L-Black,,"luma_gbp,luma_euro"
MH06-L-Blue,,"luma_gbp,luma_euro"
MH06-L-Purple,,"luma_gbp,luma_euro"
MH06-XL-Black,,"luma_gbp,luma_euro"
MH06-XL-Blue,,"luma_gbp,luma_euro"
MH06-XL-Purple,,"luma_gbp,luma_euro"
MH06,Luma Europe Catalogue/Men/Tops/Hoodies & Sweatshirts,"luma_gbp,luma_euro"
MH07-XS-Black,,"luma_gbp,luma_euro"
MH07-XS-Gray,,"luma_gbp,luma_euro"
MH07-XS-Green,,"luma_gbp,luma_euro"
MH07-S-Black,,"luma_gbp,luma_euro"
MH07-S-Gray,,"luma_gbp,luma_euro"
MH07-S-Green,,"luma_gbp,luma_euro"
MH07-M-Black,,"luma_gbp,luma_euro"
MH07-M-Gray,,"luma_gbp,luma_euro"
MH07-M-Green,,"luma_gbp,luma_euro"
MH07-L-Black,,"luma_gbp,luma_euro"
MH07-L-Gray,,"luma_gbp,luma_euro"
MH07-L-Green,,"luma_gbp,luma_euro"
MH07-XL-Black,,"luma_gbp,luma_euro"
MH07-XL-Gray,,"luma_gbp,luma_euro"
MH07-XL-Green,,"luma_gbp,luma_euro"
MH07,Luma Europe Catalogue/Men/Tops/Hoodies & Sweatshirts,"luma_gbp,luma_euro"
MH08-XS-Brown,,"luma_gbp,luma_euro"
MH08-XS-Purple,,"luma_gbp,luma_euro"
MH08-XS-Red,,"luma_gbp,luma_euro"
MH08-S-Brown,,"luma_gbp,luma_euro"
MH08-S-Purple,,"luma_gbp,luma_euro"
MH08-S-Red,,"luma_gbp,luma_euro"
MH08-M-Brown,,"luma_gbp,luma_euro"
MH08-M-Purple,,"luma_gbp,luma_euro"
MH08-M-Red,,"luma_gbp,luma_euro"
MH08-L-Brown,,"luma_gbp,luma_euro"
MH08-L-Purple,,"luma_gbp,luma_euro"
MH08-L-Red,,"luma_gbp,luma_euro"
MH08-XL-Brown,,"luma_gbp,luma_euro"
MH08-XL-Purple,,"luma_gbp,luma_euro"
MH08-XL-Red,,"luma_gbp,luma_euro"
MH08,Luma Europe Catalogue/Men/Tops/Hoodies & Sweatshirts,"luma_gbp,luma_euro"
MH09-XS-Blue,,"luma_gbp,luma_euro"
MH09-XS-Green,,"luma_gbp,luma_euro"
MH09-XS-Red,,"luma_gbp,luma_euro"
MH09-S-Blue,,"luma_gbp,luma_euro"
MH09-S-Green,,"luma_gbp,luma_euro"
MH09-S-Red,,"luma_gbp,luma_euro"
MH09-M-Blue,,"luma_gbp,luma_euro"
MH09-M-Green,,"luma_gbp,luma_euro"
MH09-M-Red,,"luma_gbp,luma_euro"
MH09-L-Blue,,"luma_gbp,luma_euro"
MH09-L-Green,,"luma_gbp,luma_euro"
MH09-L-Red,,"luma_gbp,luma_euro"
MH09-XL-Blue,,"luma_gbp,luma_euro"
MH09-XL-Green,,"luma_gbp,luma_euro"
MH09-XL-Red,,"luma_gbp,luma_euro"
MH09,Luma Europe Catalogue/Men/Tops/Hoodies & Sweatshirts,"luma_gbp,luma_euro"
MH10-XS-Black,,"luma_gbp,luma_euro"
MH10-XS-Blue,,"luma_gbp,luma_euro"
MH10-XS-Red,,"luma_gbp,luma_euro"
MH10-S-Black,,"luma_gbp,luma_euro"
MH10-S-Blue,,"luma_gbp,luma_euro"
MH10-S-Red,,"luma_gbp,luma_euro"
MH10-M-Black,,"luma_gbp,luma_euro"
MH10-M-Blue,,"luma_gbp,luma_euro"
MH10-M-Red,,"luma_gbp,luma_euro"
MH10-L-Black,,"luma_gbp,luma_euro"
MH10-L-Blue,,"luma_gbp,luma_euro"
MH10-L-Red,,"luma_gbp,luma_euro"
MH10-XL-Black,,"luma_gbp,luma_euro"
MH10-XL-Blue,,"luma_gbp,luma_euro"
MH10-XL-Red,,"luma_gbp,luma_euro"
MH10,Luma Europe Catalogue/Men/Tops/Hoodies & Sweatshirts,"luma_gbp,luma_euro"
MH11-XS-Orange,,"luma_gbp,luma_euro"
MH11-XS-Red,,"luma_gbp,luma_euro"
MH11-XS-White,,"luma_gbp,luma_euro"
MH11-S-Orange,,"luma_gbp,luma_euro"
MH11-S-Red,,"luma_gbp,luma_euro"
MH11-S-White,,"luma_gbp,luma_euro"
MH11-M-Orange,,"luma_gbp,luma_euro"
MH11-M-Red,,"luma_gbp,luma_euro"
MH11-M-White,,"luma_gbp,luma_euro"
MH11-L-Orange,,"luma_gbp,luma_euro"
MH11-L-Red,,"luma_gbp,luma_euro"
MH11-L-White,,"luma_gbp,luma_euro"
MH11-XL-Orange,,"luma_gbp,luma_euro"
MH11-XL-Red,,"luma_gbp,luma_euro"
MH11-XL-White,,"luma_gbp,luma_euro"
MH11,Luma Europe Catalogue/Men/Tops/Hoodies & Sweatshirts,"luma_gbp,luma_euro"
MH12-XS-Blue,,"luma_gbp,luma_euro"
MH12-XS-Green,,"luma_gbp,luma_euro"
MH12-XS-Red,,"luma_gbp,luma_euro"
MH12-S-Blue,,"luma_gbp,luma_euro"
MH12-S-Green,,"luma_gbp,luma_euro"
MH12-S-Red,,"luma_gbp,luma_euro"
MH12-M-Blue,,"luma_gbp,luma_euro"
MH12-M-Green,,"luma_gbp,luma_euro"
MH12-M-Red,,"luma_gbp,luma_euro"
MH12-L-Blue,,"luma_gbp,luma_euro"
MH12-L-Green,,"luma_gbp,luma_euro"
MH12-L-Red,,"luma_gbp,luma_euro"
MH12-XL-Blue,,"luma_gbp,luma_euro"
MH12-XL-Green,,"luma_gbp,luma_euro"
MH12-XL-Red,,"luma_gbp,luma_euro"
MH12,Luma Europe Catalogue/Men/Tops/Hoodies & Sweatshirts,"luma_gbp,luma_euro"
MH13-XS-Blue,,"luma_gbp,luma_euro"
MH13-XS-Green,,"luma_gbp,luma_euro"
MH13-XS-Lavender,,"luma_gbp,luma_euro"
MH13-S-Blue,,"luma_gbp,luma_euro"
MH13-S-Green,,"luma_gbp,luma_euro"
MH13-S-Lavender,,"luma_gbp,luma_euro"
MH13-M-Blue,,"luma_gbp,luma_euro"
MH13-M-Green,,"luma_gbp,luma_euro"
MH13-M-Lavender,,"luma_gbp,luma_euro"
MH13-L-Blue,,"luma_gbp,luma_euro"
MH13-L-Green,,"luma_gbp,luma_euro"
MH13-L-Lavender,,"luma_gbp,luma_euro"
MH13-XL-Blue,,"luma_gbp,luma_euro"
MH13-XL-Green,,"luma_gbp,luma_euro"
MH13-XL-Lavender,,"luma_gbp,luma_euro"
MH13,Luma Europe Catalogue/Men/Tops/Hoodies & Sweatshirts,"luma_gbp,luma_euro"
MJ01-XS-Orange,,"luma_gbp,luma_euro"
MJ01-XS-Red,,"luma_gbp,luma_euro"
MJ01-XS-Yellow,,"luma_gbp,luma_euro"
MJ01-S-Orange,,"luma_gbp,luma_euro"
MJ01-S-Red,,"luma_gbp,luma_euro"
MJ01-S-Yellow,,"luma_gbp,luma_euro"
MJ01-M-Orange,,"luma_gbp,luma_euro"
MJ01-M-Red,,"luma_gbp,luma_euro"
MJ01-M-Yellow,,"luma_gbp,luma_euro"
MJ01-L-Orange,,"luma_gbp,luma_euro"
MJ01-L-Red,,"luma_gbp,luma_euro"
MJ01-L-Yellow,,"luma_gbp,luma_euro"
MJ01-XL-Orange,,"luma_gbp,luma_euro"
MJ01-XL-Red,,"luma_gbp,luma_euro"
MJ01-XL-Yellow,,"luma_gbp,luma_euro"
MJ01,Luma Europe Catalogue/Men/Tops/Jackets,"luma_gbp,luma_euro"
MJ02-XS-Green,,"luma_gbp,luma_euro"
MJ02-XS-Orange,,"luma_gbp,luma_euro"
MJ02-XS-Red,,"luma_gbp,luma_euro"
MJ02-S-Green,,"luma_gbp,luma_euro"
MJ02-S-Orange,,"luma_gbp,luma_euro"
MJ02-S-Red,,"luma_gbp,luma_euro"
MJ02-M-Green,,"luma_gbp,luma_euro"
MJ02-M-Orange,,"luma_gbp,luma_euro"
MJ02-M-Red,,"luma_gbp,luma_euro"
MJ02-L-Green,,"luma_gbp,luma_euro"
MJ02-L-Orange,,"luma_gbp,luma_euro"
MJ02-L-Red,,"luma_gbp,luma_euro"
MJ02-XL-Green,,"luma_gbp,luma_euro"
MJ02-XL-Orange,,"luma_gbp,luma_euro"
MJ02-XL-Red,,"luma_gbp,luma_euro"
MJ02,Luma Europe Catalogue/Men/Tops/Jackets,"luma_gbp,luma_euro"
MJ04-XS-Black,,"luma_gbp,luma_euro"
MJ04-XS-Blue,,"luma_gbp,luma_euro"
MJ04-XS-Purple,,"luma_gbp,luma_euro"
MJ04-S-Black,,"luma_gbp,luma_euro"
MJ04-S-Blue,,"luma_gbp,luma_euro"
MJ04-S-Purple,,"luma_gbp,luma_euro"
MJ04-M-Black,,"luma_gbp,luma_euro"
MJ04-M-Blue,,"luma_gbp,luma_euro"
MJ04-M-Purple,,"luma_gbp,luma_euro"
MJ04-L-Black,,"luma_gbp,luma_euro"
MJ04-L-Blue,,"luma_gbp,luma_euro"
MJ04-L-Purple,,"luma_gbp,luma_euro"
MJ04-XL-Black,,"luma_gbp,luma_euro"
MJ04-XL-Blue,,"luma_gbp,luma_euro"
MJ04-XL-Purple,,"luma_gbp,luma_euro"
MJ04,Luma Europe Catalogue/Men/Tops/Jackets,"luma_gbp,luma_euro"
MJ07-XS-Black,,"luma_gbp,luma_euro"
MJ07-XS-Red,,"luma_gbp,luma_euro"
MJ07-XS-Yellow,,"luma_gbp,luma_euro"
MJ07-S-Black,,"luma_gbp,luma_euro"
MJ07-S-Red,,"luma_gbp,luma_euro"
MJ07-S-Yellow,,"luma_gbp,luma_euro"
MJ07-M-Black,,"luma_gbp,luma_euro"
MJ07-M-Red,,"luma_gbp,luma_euro"
MJ07-M-Yellow,,"luma_gbp,luma_euro"
MJ07-L-Black,,"luma_gbp,luma_euro"
MJ07-L-Red,,"luma_gbp,luma_euro"
MJ07-L-Yellow,,"luma_gbp,luma_euro"
MJ07-XL-Black,,"luma_gbp,luma_euro"
MJ07-XL-Red,,"luma_gbp,luma_euro"
MJ07-XL-Yellow,,"luma_gbp,luma_euro"
MJ07,Luma Europe Catalogue/Men/Tops/Jackets,"luma_gbp,luma_euro"
MJ08-XS-Blue,,"luma_gbp,luma_euro"
MJ08-XS-Gray,,"luma_gbp,luma_euro"
MJ08-XS-Green,,"luma_gbp,luma_euro"
MJ08-S-Blue,,"luma_gbp,luma_euro"
MJ08-S-Gray,,"luma_gbp,luma_euro"
MJ08-S-Green,,"luma_gbp,luma_euro"
MJ08-M-Blue,,"luma_gbp,luma_euro"
MJ08-M-Gray,,"luma_gbp,luma_euro"
MJ08-M-Green,,"luma_gbp,luma_euro"
MJ08-L-Blue,,"luma_gbp,luma_euro"
MJ08-L-Gray,,"luma_gbp,luma_euro"
MJ08-L-Green,,"luma_gbp,luma_euro"
MJ08-XL-Blue,,"luma_gbp,luma_euro"
MJ08-XL-Gray,,"luma_gbp,luma_euro"
MJ08-XL-Green,,"luma_gbp,luma_euro"
MJ08,Luma Europe Catalogue/Men/Tops/Jackets,"luma_gbp,luma_euro"
MJ09-XS-Blue,,"luma_gbp,luma_euro"
MJ09-XS-White,,"luma_gbp,luma_euro"
MJ09-XS-Yellow,,"luma_gbp,luma_euro"
MJ09-S-Blue,,"luma_gbp,luma_euro"
MJ09-S-White,,"luma_gbp,luma_euro"
MJ09-S-Yellow,,"luma_gbp,luma_euro"
MJ09-M-Blue,,"luma_gbp,luma_euro"
MJ09-M-White,,"luma_gbp,luma_euro"
MJ09-M-Yellow,,"luma_gbp,luma_euro"
MJ09-L-Blue,,"luma_gbp,luma_euro"
MJ09-L-White,,"luma_gbp,luma_euro"
MJ09-L-Yellow,,"luma_gbp,luma_euro"
MJ09-XL-Blue,,"luma_gbp,luma_euro"
MJ09-XL-White,,"luma_gbp,luma_euro"
MJ09-XL-Yellow,,"luma_gbp,luma_euro"
MJ09,Luma Europe Catalogue/Men/Tops/Jackets,"luma_gbp,luma_euro"
MJ10-XS-Black,,"luma_gbp,luma_euro"
MJ10-XS-Orange,,"luma_gbp,luma_euro"
MJ10-XS-Red,,"luma_gbp,luma_euro"
MJ10-S-Black,,"luma_gbp,luma_euro"
MJ10-S-Orange,,"luma_gbp,luma_euro"
MJ10-S-Red,,"luma_gbp,luma_euro"
MJ10-M-Black,,"luma_gbp,luma_euro"
MJ10-M-Orange,,"luma_gbp,luma_euro"
MJ10-M-Red,,"luma_gbp,luma_euro"
MJ10-L-Black,,"luma_gbp,luma_euro"
MJ10-L-Orange,,"luma_gbp,luma_euro"
MJ10-L-Red,,"luma_gbp,luma_euro"
MJ10-XL-Black,,"luma_gbp,luma_euro"
MJ10-XL-Orange,,"luma_gbp,luma_euro"
MJ10-XL-Red,,"luma_gbp,luma_euro"
MJ10,Luma Europe Catalogue/Men/Tops/Jackets,"luma_gbp,luma_euro"
MJ11-XS-Black,,"luma_gbp,luma_euro"
MJ11-XS-Green,,"luma_gbp,luma_euro"
MJ11-XS-Red,,"luma_gbp,luma_euro"
MJ11-S-Black,,"luma_gbp,luma_euro"
MJ11-S-Green,,"luma_gbp,luma_euro"
MJ11-S-Red,,"luma_gbp,luma_euro"
MJ11-M-Black,,"luma_gbp,luma_euro"
MJ11-M-Green,,"luma_gbp,luma_euro"
MJ11-M-Red,,"luma_gbp,luma_euro"
MJ11-L-Black,,"luma_gbp,luma_euro"
MJ11-L-Green,,"luma_gbp,luma_euro"
MJ11-L-Red,,"luma_gbp,luma_euro"
MJ11-XL-Black,,"luma_gbp,luma_euro"
MJ11-XL-Green,,"luma_gbp,luma_euro"
MJ11-XL-Red,,"luma_gbp,luma_euro"
MJ11,Luma Europe Catalogue/Men/Tops/Jackets,"luma_gbp,luma_euro"
MJ06-XS-Blue,,"luma_gbp,luma_euro"
MJ06-XS-Green,,"luma_gbp,luma_euro"
MJ06-XS-Purple,,"luma_gbp,luma_euro"
MJ06-S-Blue,,"luma_gbp,luma_euro"
MJ06-S-Green,,"luma_gbp,luma_euro"
MJ06-S-Purple,,"luma_gbp,luma_euro"
MJ06-M-Blue,,"luma_gbp,luma_euro"
MJ06-M-Green,,"luma_gbp,luma_euro"
MJ06-M-Purple,,"luma_gbp,luma_euro"
MJ06-L-Blue,,"luma_gbp,luma_euro"
MJ06-L-Green,,"luma_gbp,luma_euro"
MJ06-L-Purple,,"luma_gbp,luma_euro"
MJ06-XL-Blue,,"luma_gbp,luma_euro"
MJ06-XL-Green,,"luma_gbp,luma_euro"
MJ06-XL-Purple,,"luma_gbp,luma_euro"
MJ06,Luma Europe Catalogue/Men/Tops/Jackets,"luma_gbp,luma_euro"
MJ03-XS-Black,,"luma_gbp,luma_euro"
MJ03-XS-Green,,"luma_gbp,luma_euro"
MJ03-XS-Red,,"luma_gbp,luma_euro"
MJ03-S-Black,,"luma_gbp,luma_euro"
MJ03-S-Green,,"luma_gbp,luma_euro"
MJ03-S-Red,,"luma_gbp,luma_euro"
MJ03-M-Black,,"luma_gbp,luma_euro"
MJ03-M-Green,,"luma_gbp,luma_euro"
MJ03-M-Red,,"luma_gbp,luma_euro"
MJ03-L-Black,,"luma_gbp,luma_euro"
MJ03-L-Green,,"luma_gbp,luma_euro"
MJ03-L-Red,,"luma_gbp,luma_euro"
MJ03-XL-Black,,"luma_gbp,luma_euro"
MJ03-XL-Green,,"luma_gbp,luma_euro"
MJ03-XL-Red,,"luma_gbp,luma_euro"
MJ03,Luma Europe Catalogue/Men/Tops/Jackets,"luma_gbp,luma_euro"
MJ12-XS-Black,,"luma_gbp,luma_euro"
MJ12-XS-Blue,,"luma_gbp,luma_euro"
MJ12-XS-Orange,,"luma_gbp,luma_euro"
MJ12-S-Black,,"luma_gbp,luma_euro"
MJ12-S-Blue,,"luma_gbp,luma_euro"
MJ12-S-Orange,,"luma_gbp,luma_euro"
MJ12-M-Black,,"luma_gbp,luma_euro"
MJ12-M-Blue,,"luma_gbp,luma_euro"
MJ12-M-Orange,,"luma_gbp,luma_euro"
MJ12-L-Black,,"luma_gbp,luma_euro"
MJ12-L-Blue,,"luma_gbp,luma_euro"
MJ12-L-Orange,,"luma_gbp,luma_euro"
MJ12-XL-Black,,"luma_gbp,luma_euro"
MJ12-XL-Blue,,"luma_gbp,luma_euro"
MJ12-XL-Orange,,"luma_gbp,luma_euro"
MJ12,Luma Europe Catalogue/Men/Tops/Jackets,"luma_gbp,luma_euro"
MS04-XS-Black,,"luma_gbp,luma_euro"
MS04-XS-Orange,,"luma_gbp,luma_euro"
MS04-XS-Red,,"luma_gbp,luma_euro"
MS04-S-Black,,"luma_gbp,luma_euro"
MS04-S-Orange,,"luma_gbp,luma_euro"
MS04-S-Red,,"luma_gbp,luma_euro"
MS04-M-Black,,"luma_gbp,luma_euro"
MS04-M-Orange,,"luma_gbp,luma_euro"
MS04-M-Red,,"luma_gbp,luma_euro"
MS04-L-Black,,"luma_gbp,luma_euro"
MS04-L-Orange,,"luma_gbp,luma_euro"
MS04-L-Red,,"luma_gbp,luma_euro"
MS04-XL-Black,,"luma_gbp,luma_euro"
MS04-XL-Orange,,"luma_gbp,luma_euro"
MS04-XL-Red,,"luma_gbp,luma_euro"
MS04,Luma Europe Catalogue/Men/Tops/T-Shirts,"luma_gbp,luma_euro"
MS05-XS-Black,,"luma_gbp,luma_euro"
MS05-XS-Blue,,"luma_gbp,luma_euro"
MS05-XS-Purple,,"luma_gbp,luma_euro"
MS05-S-Black,,"luma_gbp,luma_euro"
MS05-S-Blue,,"luma_gbp,luma_euro"
MS05-S-Purple,,"luma_gbp,luma_euro"
MS05-M-Black,,"luma_gbp,luma_euro"
MS05-M-Blue,,"luma_gbp,luma_euro"
MS05-M-Purple,,"luma_gbp,luma_euro"
MS05-L-Black,,"luma_gbp,luma_euro"
MS05-L-Blue,,"luma_gbp,luma_euro"
MS05-L-Purple,,"luma_gbp,luma_euro"
MS05-XL-Black,,"luma_gbp,luma_euro"
MS05-XL-Blue,,"luma_gbp,luma_euro"
MS05-XL-Purple,,"luma_gbp,luma_euro"
MS05,Luma Europe Catalogue/Men/Tops/T-Shirts,"luma_gbp,luma_euro"
MS09-XS-Black,,"luma_gbp,luma_euro"
MS09-XS-Blue,,"luma_gbp,luma_euro"
MS09-XS-Red,,"luma_gbp,luma_euro"
MS09-S-Black,,"luma_gbp,luma_euro"
MS09-S-Blue,,"luma_gbp,luma_euro"
MS09-S-Red,,"luma_gbp,luma_euro"
MS09-M-Black,,"luma_gbp,luma_euro"
MS09-M-Blue,,"luma_gbp,luma_euro"
MS09-M-Red,,"luma_gbp,luma_euro"
MS09-L-Black,,"luma_gbp,luma_euro"
MS09-L-Blue,,"luma_gbp,luma_euro"
MS09-L-Red,,"luma_gbp,luma_euro"
MS09-XL-Black,,"luma_gbp,luma_euro"
MS09-XL-Blue,,"luma_gbp,luma_euro"
MS09-XL-Red,,"luma_gbp,luma_euro"
MS09,Luma Europe Catalogue/Men/Tops/T-Shirts,"luma_gbp,luma_euro"
MS11-XS-Blue,,"luma_gbp,luma_euro"
MS11-XS-Green,,"luma_gbp,luma_euro"
MS11-XS-Yellow,,"luma_gbp,luma_euro"
MS11-S-Blue,,"luma_gbp,luma_euro"
MS11-S-Green,,"luma_gbp,luma_euro"
MS11-S-Yellow,,"luma_gbp,luma_euro"
MS11-M-Blue,,"luma_gbp,luma_euro"
MS11-M-Green,,"luma_gbp,luma_euro"
MS11-M-Yellow,,"luma_gbp,luma_euro"
MS11-L-Blue,,"luma_gbp,luma_euro"
MS11-L-Green,,"luma_gbp,luma_euro"
MS11-L-Yellow,,"luma_gbp,luma_euro"
MS11-XL-Blue,,"luma_gbp,luma_euro"
MS11-XL-Green,,"luma_gbp,luma_euro"
MS11-XL-Yellow,,"luma_gbp,luma_euro"
MS11,Luma Europe Catalogue/Men/Tops/T-Shirts,"luma_gbp,luma_euro"
MS12-XS-Black,,"luma_gbp,luma_euro"
MS12-XS-Blue,,"luma_gbp,luma_euro"
MS12-XS-Red,,"luma_gbp,luma_euro"
MS12-S-Black,,"luma_gbp,luma_euro"
MS12-S-Blue,,"luma_gbp,luma_euro"
MS12-S-Red,,"luma_gbp,luma_euro"
MS12-M-Black,,"luma_gbp,luma_euro"
MS12-M-Blue,,"luma_gbp,luma_euro"
MS12-M-Red,,"luma_gbp,luma_euro"
MS12-L-Black,,"luma_gbp,luma_euro"
MS12-L-Blue,,"luma_gbp,luma_euro"
MS12-L-Red,,"luma_gbp,luma_euro"
MS12-XL-Black,,"luma_gbp,luma_euro"
MS12-XL-Blue,,"luma_gbp,luma_euro"
MS12-XL-Red,,"luma_gbp,luma_euro"
MS12,Luma Europe Catalogue/Men/Tops/T-Shirts,"luma_gbp,luma_euro"
MS03-XS-Gray,,"luma_gbp,luma_euro"
MS03-XS-Green,,"luma_gbp,luma_euro"
MS03-XS-Orange,,"luma_gbp,luma_euro"
MS03-S-Gray,,"luma_gbp,luma_euro"
MS03-S-Green,,"luma_gbp,luma_euro"
MS03-S-Orange,,"luma_gbp,luma_euro"
MS03-M-Gray,,"luma_gbp,luma_euro"
MS03-M-Green,,"luma_gbp,luma_euro"
MS03-M-Orange,,"luma_gbp,luma_euro"
MS03-L-Gray,,"luma_gbp,luma_euro"
MS03-L-Green,,"luma_gbp,luma_euro"
MS03-L-Orange,,"luma_gbp,luma_euro"
MS03-XL-Gray,,"luma_gbp,luma_euro"
MS03-XL-Green,,"luma_gbp,luma_euro"
MS03-XL-Orange,,"luma_gbp,luma_euro"
MS03,Luma Europe Catalogue/Men/Tops/T-Shirts,"luma_gbp,luma_euro"
MS06-XS-Blue,,"luma_gbp,luma_euro"
MS06-XS-Green,,"luma_gbp,luma_euro"
MS06-XS-Yellow,,"luma_gbp,luma_euro"
MS06-S-Blue,,"luma_gbp,luma_euro"
MS06-S-Green,,"luma_gbp,luma_euro"
MS06-S-Yellow,,"luma_gbp,luma_euro"
MS06-M-Blue,,"luma_gbp,luma_euro"
MS06-M-Green,,"luma_gbp,luma_euro"
MS06-M-Yellow,,"luma_gbp,luma_euro"
MS06-L-Blue,,"luma_gbp,luma_euro"
MS06-L-Green,,"luma_gbp,luma_euro"
MS06-L-Yellow,,"luma_gbp,luma_euro"
MS06-XL-Blue,,"luma_gbp,luma_euro"
MS06-XL-Green,,"luma_gbp,luma_euro"
MS06-XL-Yellow,,"luma_gbp,luma_euro"
MS06,Luma Europe Catalogue/Men/Tops/T-Shirts,"luma_gbp,luma_euro"
MS01-XS-Black,,"luma_gbp,luma_euro"
MS01-XS-Brown,,"luma_gbp,luma_euro"
MS01-XS-Yellow,,"luma_gbp,luma_euro"
MS01-S-Black,,"luma_gbp,luma_euro"
MS01-S-Brown,,"luma_gbp,luma_euro"
MS01-S-Yellow,,"luma_gbp,luma_euro"
MS01-M-Black,,"luma_gbp,luma_euro"
MS01-M-Brown,,"luma_gbp,luma_euro"
MS01-M-Yellow,,"luma_gbp,luma_euro"
MS01-L-Black,,"luma_gbp,luma_euro"
MS01-L-Brown,,"luma_gbp,luma_euro"
MS01-L-Yellow,,"luma_gbp,luma_euro"
MS01-XL-Black,,"luma_gbp,luma_euro"
MS01-XL-Brown,,"luma_gbp,luma_euro"
MS01-XL-Yellow,,"luma_gbp,luma_euro"
MS01,Luma Europe Catalogue/Men/Tops/T-Shirts,"luma_gbp,luma_euro"
MS02-XS-Black,,"luma_gbp,luma_euro"
MS02-XS-Blue,,"luma_gbp,luma_euro"
MS02-XS-Gray,,"luma_gbp,luma_euro"
MS02-S-Black,,"luma_gbp,luma_euro"
MS02-S-Blue,,"luma_gbp,luma_euro"
MS02-S-Gray,,"luma_gbp,luma_euro"
MS02-M-Black,,"luma_gbp,luma_euro"
MS02-M-Blue,,"luma_gbp,luma_euro"
MS02-M-Gray,,"luma_gbp,luma_euro"
MS02-L-Black,,"luma_gbp,luma_euro"
MS02-L-Blue,,"luma_gbp,luma_euro"
MS02-L-Gray,,"luma_gbp,luma_euro"
MS02-XL-Black,,"luma_gbp,luma_euro"
MS02-XL-Blue,,"luma_gbp,luma_euro"
MS02-XL-Gray,,"luma_gbp,luma_euro"
MS02,Luma Europe Catalogue/Men/Tops/T-Shirts,"luma_gbp,luma_euro"
MS10-XS-Black,,"luma_gbp,luma_euro"
MS10-XS-Blue,,"luma_gbp,luma_euro"
MS10-XS-Red,,"luma_gbp,luma_euro"
MS10-S-Black,,"luma_gbp,luma_euro"
MS10-S-Blue,,"luma_gbp,luma_euro"
MS10-S-Red,,"luma_gbp,luma_euro"
MS10-M-Black,,"luma_gbp,luma_euro"
MS10-M-Blue,,"luma_gbp,luma_euro"
MS10-M-Red,,"luma_gbp,luma_euro"
MS10-L-Black,,"luma_gbp,luma_euro"
MS10-L-Blue,,"luma_gbp,luma_euro"
MS10-L-Red,,"luma_gbp,luma_euro"
MS10-XL-Black,,"luma_gbp,luma_euro"
MS10-XL-Blue,,"luma_gbp,luma_euro"
MS10-XL-Red,,"luma_gbp,luma_euro"
MS10,Luma Europe Catalogue/Men/Tops/T-Shirts,"luma_gbp,luma_euro"
MS07-XS-Black,,"luma_gbp,luma_euro"
MS07-XS-Green,,"luma_gbp,luma_euro"
MS07-XS-White,,"luma_gbp,luma_euro"
MS07-S-Black,,"luma_gbp,luma_euro"
MS07-S-Green,,"luma_gbp,luma_euro"
MS07-S-White,,"luma_gbp,luma_euro"
MS07-M-Black,,"luma_gbp,luma_euro"
MS07-M-Green,,"luma_gbp,luma_euro"
MS07-M-White,,"luma_gbp,luma_euro"
MS07-L-Black,,"luma_gbp,luma_euro"
MS07-L-Green,,"luma_gbp,luma_euro"
MS07-L-White,,"luma_gbp,luma_euro"
MS07-XL-Black,,"luma_gbp,luma_euro"
MS07-XL-Green,,"luma_gbp,luma_euro"
MS07-XL-White,,"luma_gbp,luma_euro"
MS07,Luma Europe Catalogue/Men/Tops/T-Shirts,"luma_gbp,luma_euro"
MS08-XS-Black,,"luma_gbp,luma_euro"
MS08-XS-Blue,,"luma_gbp,luma_euro"
MS08-XS-Red,,"luma_gbp,luma_euro"
MS08-S-Black,,"luma_gbp,luma_euro"
MS08-S-Blue,,"luma_gbp,luma_euro"
MS08-S-Red,,"luma_gbp,luma_euro"
MS08-M-Black,,"luma_gbp,luma_euro"
MS08-M-Blue,,"luma_gbp,luma_euro"
MS08-M-Red,,"luma_gbp,luma_euro"
MS08-L-Black,,"luma_gbp,luma_euro"
MS08-L-Blue,,"luma_gbp,luma_euro"
MS08-L-Red,,"luma_gbp,luma_euro"
MS08-XL-Black,,"luma_gbp,luma_euro"
MS08-XL-Blue,,"luma_gbp,luma_euro"
MS08-XL-Red,,"luma_gbp,luma_euro"
MS08,Luma Europe Catalogue/Men/Tops/T-Shirts,"luma_gbp,luma_euro"
MT01-XS-Gray,,"luma_gbp,luma_euro"
MT01-XS-Orange,,"luma_gbp,luma_euro"
MT01-XS-Red,,"luma_gbp,luma_euro"
MT01-S-Gray,,"luma_gbp,luma_euro"
MT01-S-Orange,,"luma_gbp,luma_euro"
MT01-S-Red,,"luma_gbp,luma_euro"
MT01-M-Gray,,"luma_gbp,luma_euro"
MT01-M-Orange,,"luma_gbp,luma_euro"
MT01-M-Red,,"luma_gbp,luma_euro"
MT01-L-Gray,,"luma_gbp,luma_euro"
MT01-L-Orange,,"luma_gbp,luma_euro"
MT01-L-Red,,"luma_gbp,luma_euro"
MT01-XL-Gray,,"luma_gbp,luma_euro"
MT01-XL-Orange,,"luma_gbp,luma_euro"
MT01-XL-Red,,"luma_gbp,luma_euro"
MT01,Luma Europe Catalogue/Men/Tops/Tanks,"luma_gbp,luma_euro"
MT02-XS-Gray,,"luma_gbp,luma_euro"
MT02-XS-Red,,"luma_gbp,luma_euro"
MT02-XS-White,,"luma_gbp,luma_euro"
MT02-S-Gray,,"luma_gbp,luma_euro"
MT02-S-Red,,"luma_gbp,luma_euro"
MT02-S-White,,"luma_gbp,luma_euro"
MT02-M-Gray,,"luma_gbp,luma_euro"
MT02-M-Red,,"luma_gbp,luma_euro"
MT02-M-White,,"luma_gbp,luma_euro"
MT02-L-Gray,,"luma_gbp,luma_euro"
MT02-L-Red,,"luma_gbp,luma_euro"
MT02-L-White,,"luma_gbp,luma_euro"
MT02-XL-Gray,,"luma_gbp,luma_euro"
MT02-XL-Red,,"luma_gbp,luma_euro"
MT02-XL-White,,"luma_gbp,luma_euro"
MT02,Luma Europe Catalogue/Men/Tops/Tanks,"luma_gbp,luma_euro"
MT03-XS-Blue,,"luma_gbp,luma_euro"
MT03-XS-Red,,"luma_gbp,luma_euro"
MT03-XS-Yellow,,"luma_gbp,luma_euro"
MT03-S-Blue,,"luma_gbp,luma_euro"
MT03-S-Red,,"luma_gbp,luma_euro"
MT03-S-Yellow,,"luma_gbp,luma_euro"
MT03-M-Blue,,"luma_gbp,luma_euro"
MT03-M-Red,,"luma_gbp,luma_euro"
MT03-M-Yellow,,"luma_gbp,luma_euro"
MT03-L-Blue,,"luma_gbp,luma_euro"
MT03-L-Red,,"luma_gbp,luma_euro"
MT03-L-Yellow,,"luma_gbp,luma_euro"
MT03-XL-Blue,,"luma_gbp,luma_euro"
MT03-XL-Red,,"luma_gbp,luma_euro"
MT03-XL-Yellow,,"luma_gbp,luma_euro"
MT03,Luma Europe Catalogue/Men/Tops/Tanks,"luma_gbp,luma_euro"
MT04-XS-Blue,,"luma_gbp,luma_euro"
MT04-S-Blue,,"luma_gbp,luma_euro"
MT04-M-Blue,,"luma_gbp,luma_euro"
MT04-L-Blue,,"luma_gbp,luma_euro"
MT04-XL-Blue,,"luma_gbp,luma_euro"
MT04,Luma Europe Catalogue/Men/Tops/Tanks,"luma_gbp,luma_euro"
MT05-XS-Blue,,"luma_gbp,luma_euro"
MT05-S-Blue,,"luma_gbp,luma_euro"
MT05-M-Blue,,"luma_gbp,luma_euro"
MT05-L-Blue,,"luma_gbp,luma_euro"
MT05-XL-Blue,,"luma_gbp,luma_euro"
MT05,Luma Europe Catalogue/Men/Tops/Tanks,"luma_gbp,luma_euro"
MT06-XS-Black,,"luma_gbp,luma_euro"
MT06-S-Black,,"luma_gbp,luma_euro"
MT06-M-Black,,"luma_gbp,luma_euro"
MT06-L-Black,,"luma_gbp,luma_euro"
MT06-XL-Black,,"luma_gbp,luma_euro"
MT06,Luma Europe Catalogue/Men/Tops/Tanks,"luma_gbp,luma_euro"
MT07-XS-Gray,,"luma_gbp,luma_euro"
MT07-S-Gray,,"luma_gbp,luma_euro"
MT07-M-Gray,,"luma_gbp,luma_euro"
MT07-L-Gray,,"luma_gbp,luma_euro"
MT07-XL-Gray,,"luma_gbp,luma_euro"
MT07,Luma Europe Catalogue/Men/Tops/Tanks,"luma_gbp,luma_euro"
MT08-XS-Green,,"luma_gbp,luma_euro"
MT08-S-Green,,"luma_gbp,luma_euro"
MT08-M-Green,,"luma_gbp,luma_euro"
MT08-L-Green,,"luma_gbp,luma_euro"
MT08-XL-Green,,"luma_gbp,luma_euro"
MT08,Luma Europe Catalogue/Men/Tops/Tanks,"luma_gbp,luma_euro"
MT09-XS-Blue,,"luma_gbp,luma_euro"
MT09-S-Blue,,"luma_gbp,luma_euro"
MT09-M-Blue,,"luma_gbp,luma_euro"
MT09-L-Blue,,"luma_gbp,luma_euro"
MT09-XL-Blue,,"luma_gbp,luma_euro"
MT09,Luma Europe Catalogue/Men/Tops/Tanks,"luma_gbp,luma_euro"
MT10-XS-Yellow,,"luma_gbp,luma_euro"
MT10-S-Yellow,,"luma_gbp,luma_euro"
MT10-M-Yellow,,"luma_gbp,luma_euro"
MT10-L-Yellow,,"luma_gbp,luma_euro"
MT10-XL-Yellow,,"luma_gbp,luma_euro"
MT10,Luma Europe Catalogue/Men/Tops/Tanks,"luma_gbp,luma_euro"
MT11-XS-Blue,,"luma_gbp,luma_euro"
MT11-S-Blue,,"luma_gbp,luma_euro"
MT11-M-Blue,,"luma_gbp,luma_euro"
MT11-L-Blue,,"luma_gbp,luma_euro"
MT11-XL-Blue,,"luma_gbp,luma_euro"
MT11,Luma Europe Catalogue/Men/Tops/Tanks,"luma_gbp,luma_euro"
MT12-XS-Blue,,"luma_gbp,luma_euro"
MT12-S-Blue,,"luma_gbp,luma_euro"
MT12-M-Blue,,"luma_gbp,luma_euro"
MT12-L-Blue,,"luma_gbp,luma_euro"
MT12-XL-Blue,,"luma_gbp,luma_euro"
MT12,Luma Europe Catalogue/Men/Tops/Tanks,"luma_gbp,luma_euro"
MP01-32-Black,,"luma_gbp,luma_euro"
MP01-32-Gray,,"luma_gbp,luma_euro"
MP01-32-Purple,,"luma_gbp,luma_euro"
MP01-33-Black,,"luma_gbp,luma_euro"
MP01-33-Gray,,"luma_gbp,luma_euro"
MP01-33-Purple,,"luma_gbp,luma_euro"
MP01-34-Black,,"luma_gbp,luma_euro"
MP01-34-Gray,,"luma_gbp,luma_euro"
MP01-34-Purple,,"luma_gbp,luma_euro"
MP01-36-Black,,"luma_gbp,luma_euro"
MP01-36-Gray,,"luma_gbp,luma_euro"
MP01-36-Purple,,"luma_gbp,luma_euro"
MP01,Luma Europe Catalogue/Men/Bottoms/Trousers,"luma_gbp,luma_euro"
MP02-32-Blue,,"luma_gbp,luma_euro"
MP02-32-Gray,,"luma_gbp,luma_euro"
MP02-32-Red,,"luma_gbp,luma_euro"
MP02-33-Blue,,"luma_gbp,luma_euro"
MP02-33-Gray,,"luma_gbp,luma_euro"
MP02-33-Red,,"luma_gbp,luma_euro"
MP02-34-Blue,,"luma_gbp,luma_euro"
MP02-34-Gray,,"luma_gbp,luma_euro"
MP02-34-Red,,"luma_gbp,luma_euro"
MP02-36-Blue,,"luma_gbp,luma_euro"
MP02-36-Gray,,"luma_gbp,luma_euro"
MP02-36-Red,,"luma_gbp,luma_euro"
MP02,Luma Europe Catalogue/Men/Bottoms/Trousers,"luma_gbp,luma_euro"
MP03-32-Blue,,"luma_gbp,luma_euro"
MP03-32-Green,,"luma_gbp,luma_euro"
MP03-32-Red,,"luma_gbp,luma_euro"
MP03-33-Blue,,"luma_gbp,luma_euro"
MP03-33-Green,,"luma_gbp,luma_euro"
MP03-33-Red,,"luma_gbp,luma_euro"
MP03-34-Blue,,"luma_gbp,luma_euro"
MP03-34-Green,,"luma_gbp,luma_euro"
MP03-34-Red,,"luma_gbp,luma_euro"
MP03-36-Blue,,"luma_gbp,luma_euro"
MP03-36-Green,,"luma_gbp,luma_euro"
MP03-36-Red,,"luma_gbp,luma_euro"
MP03,Luma Europe Catalogue/Men/Bottoms/Trousers,"luma_gbp,luma_euro"
MP04-32-Black,,"luma_gbp,luma_euro"
MP04-32-Gray,,"luma_gbp,luma_euro"
MP04-32-Green,,"luma_gbp,luma_euro"
MP04-33-Black,,"luma_gbp,luma_euro"
MP04-33-Gray,,"luma_gbp,luma_euro"
MP04-33-Green,,"luma_gbp,luma_euro"
MP04-34-Black,,"luma_gbp,luma_euro"
MP04-34-Gray,,"luma_gbp,luma_euro"
MP04-34-Green,,"luma_gbp,luma_euro"
MP04-36-Black,,"luma_gbp,luma_euro"
MP04-36-Gray,,"luma_gbp,luma_euro"
MP04-36-Green,,"luma_gbp,luma_euro"
MP04,Luma Europe Catalogue/Men/Bottoms/Trousers,"luma_gbp,luma_euro"
MP05-32-Black,,"luma_gbp,luma_euro"
MP05-32-Blue,,"luma_gbp,luma_euro"
MP05-32-Green,,"luma_gbp,luma_euro"
MP05-33-Black,,"luma_gbp,luma_euro"
MP05-33-Blue,,"luma_gbp,luma_euro"
MP05-33-Green,,"luma_gbp,luma_euro"
MP05-34-Black,,"luma_gbp,luma_euro"
MP05-34-Blue,,"luma_gbp,luma_euro"
MP05-34-Green,,"luma_gbp,luma_euro"
MP05-36-Black,,"luma_gbp,luma_euro"
MP05-36-Blue,,"luma_gbp,luma_euro"
MP05-36-Green,,"luma_gbp,luma_euro"
MP05,Luma Europe Catalogue/Men/Bottoms/Trousers,"luma_gbp,luma_euro"
MP06-32-Gray,,"luma_gbp,luma_euro"
MP06-32-Green,,"luma_gbp,luma_euro"
MP06-32-Orange,,"luma_gbp,luma_euro"
MP06-33-Gray,,"luma_gbp,luma_euro"
MP06-33-Green,,"luma_gbp,luma_euro"
MP06-33-Orange,,"luma_gbp,luma_euro"
MP06-34-Gray,,"luma_gbp,luma_euro"
MP06-34-Green,,"luma_gbp,luma_euro"
MP06-34-Orange,,"luma_gbp,luma_euro"
MP06-36-Gray,,"luma_gbp,luma_euro"
MP06-36-Green,,"luma_gbp,luma_euro"
MP06-36-Orange,,"luma_gbp,luma_euro"
MP06,Luma Europe Catalogue/Men/Bottoms/Trousers,"luma_gbp,luma_euro"
MP07-32-Black,,"luma_gbp,luma_euro"
MP07-32-Blue,,"luma_gbp,luma_euro"
MP07-32-Purple,,"luma_gbp,luma_euro"
MP07-33-Black,,"luma_gbp,luma_euro"
MP07-33-Blue,,"luma_gbp,luma_euro"
MP07-33-Purple,,"luma_gbp,luma_euro"
MP07-34-Black,,"luma_gbp,luma_euro"
MP07-34-Blue,,"luma_gbp,luma_euro"
MP07-34-Purple,,"luma_gbp,luma_euro"
MP07-36-Black,,"luma_gbp,luma_euro"
MP07-36-Blue,,"luma_gbp,luma_euro"
MP07-36-Purple,,"luma_gbp,luma_euro"
MP07,Luma Europe Catalogue/Men/Bottoms/Trousers,"luma_gbp,luma_euro"
MP08-32-Blue,,"luma_gbp,luma_euro"
MP08-32-Green,,"luma_gbp,luma_euro"
MP08-32-Red,,"luma_gbp,luma_euro"
MP08-33-Blue,,"luma_gbp,luma_euro"
MP08-33-Green,,"luma_gbp,luma_euro"
MP08-33-Red,,"luma_gbp,luma_euro"
MP08-34-Blue,,"luma_gbp,luma_euro"
MP08-34-Green,,"luma_gbp,luma_euro"
MP08-34-Red,,"luma_gbp,luma_euro"
MP08-36-Blue,,"luma_gbp,luma_euro"
MP08-36-Green,,"luma_gbp,luma_euro"
MP08-36-Red,,"luma_gbp,luma_euro"
MP08,Luma Europe Catalogue/Men/Bottoms/Trousers,"luma_gbp,luma_euro"
MP09-32-Black,,"luma_gbp,luma_euro"
MP09-32-Blue,,"luma_gbp,luma_euro"
MP09-32-Red,,"luma_gbp,luma_euro"
MP09-33-Black,,"luma_gbp,luma_euro"
MP09-33-Blue,,"luma_gbp,luma_euro"
MP09-33-Red,,"luma_gbp,luma_euro"
MP09-34-Black,,"luma_gbp,luma_euro"
MP09-34-Blue,,"luma_gbp,luma_euro"
MP09-34-Red,,"luma_gbp,luma_euro"
MP09-36-Black,,"luma_gbp,luma_euro"
MP09-36-Blue,,"luma_gbp,luma_euro"
MP09-36-Red,,"luma_gbp,luma_euro"
MP09,Luma Europe Catalogue/Men/Bottoms/Trousers,"luma_gbp,luma_euro"
MP10-32-Black,,"luma_gbp,luma_euro"
MP10-32-Blue,,"luma_gbp,luma_euro"
MP10-32-Green,,"luma_gbp,luma_euro"
MP10-33-Black,,"luma_gbp,luma_euro"
MP10-33-Blue,,"luma_gbp,luma_euro"
MP10-33-Green,,"luma_gbp,luma_euro"
MP10-34-Black,,"luma_gbp,luma_euro"
MP10-34-Blue,,"luma_gbp,luma_euro"
MP10-34-Green,,"luma_gbp,luma_euro"
MP10-36-Black,,"luma_gbp,luma_euro"
MP10-36-Blue,,"luma_gbp,luma_euro"
MP10-36-Green,,"luma_gbp,luma_euro"
MP10,Luma Europe Catalogue/Men/Bottoms/Trousers,"luma_gbp,luma_euro"
MP11-32-Blue,,"luma_gbp,luma_euro"
MP11-32-Brown,,"luma_gbp,luma_euro"
MP11-32-Green,,"luma_gbp,luma_euro"
MP11-33-Blue,,"luma_gbp,luma_euro"
MP11-33-Brown,,"luma_gbp,luma_euro"
MP11-33-Green,,"luma_gbp,luma_euro"
MP11-34-Blue,,"luma_gbp,luma_euro"
MP11-34-Brown,,"luma_gbp,luma_euro"
MP11-34-Green,,"luma_gbp,luma_euro"
MP11-36-Blue,,"luma_gbp,luma_euro"
MP11-36-Brown,,"luma_gbp,luma_euro"
MP11-36-Green,,"luma_gbp,luma_euro"
MP11,Luma Europe Catalogue/Men/Bottoms/Trousers,"luma_gbp,luma_euro"
MP12-32-Black,,"luma_gbp,luma_euro"
MP12-32-Blue,,"luma_gbp,luma_euro"
MP12-32-Red,,"luma_gbp,luma_euro"
MP12-33-Black,,"luma_gbp,luma_euro"
MP12-33-Blue,,"luma_gbp,luma_euro"
MP12-33-Red,,"luma_gbp,luma_euro"
MP12-34-Black,,"luma_gbp,luma_euro"
MP12-34-Blue,,"luma_gbp,luma_euro"
MP12-34-Red,,"luma_gbp,luma_euro"
MP12-36-Black,,"luma_gbp,luma_euro"
MP12-36-Blue,,"luma_gbp,luma_euro"
MP12-36-Red,,"luma_gbp,luma_euro"
MP12,Luma Europe Catalogue/Men/Bottoms/Trousers,"luma_gbp,luma_euro"
MSH01-32-Black,,"luma_gbp,luma_euro"
MSH01-32-Blue,,"luma_gbp,luma_euro"
MSH01-32-Red,,"luma_gbp,luma_euro"
MSH01-33-Black,,"luma_gbp,luma_euro"
MSH01-33-Blue,,"luma_gbp,luma_euro"
MSH01-33-Red,,"luma_gbp,luma_euro"
MSH01-34-Black,,"luma_gbp,luma_euro"
MSH01-34-Blue,,"luma_gbp,luma_euro"
MSH01-34-Red,,"luma_gbp,luma_euro"
MSH01-36-Black,,"luma_gbp,luma_euro"
MSH01-36-Blue,,"luma_gbp,luma_euro"
MSH01-36-Red,,"luma_gbp,luma_euro"
MSH01,Luma Europe Catalogue/Men/Bottoms/Shorts,"luma_gbp,luma_euro"
MSH02-32-Black,,"luma_gbp,luma_euro"
MSH02-33-Black,,"luma_gbp,luma_euro"
MSH02-34-Black,,"luma_gbp,luma_euro"
MSH02-36-Black,,"luma_gbp,luma_euro"
MSH02,Luma Europe Catalogue/Men/Bottoms/Shorts,"luma_gbp,luma_euro"
MSH03-32-Black,,"luma_gbp,luma_euro"
MSH03-32-Blue,,"luma_gbp,luma_euro"
MSH03-32-Green,,"luma_gbp,luma_euro"
MSH03-33-Black,,"luma_gbp,luma_euro"
MSH03-33-Blue,,"luma_gbp,luma_euro"
MSH03-33-Green,,"luma_gbp,luma_euro"
MSH03-34-Black,,"luma_gbp,luma_euro"
MSH03-34-Blue,,"luma_gbp,luma_euro"
MSH03-34-Green,,"luma_gbp,luma_euro"
MSH03-36-Black,,"luma_gbp,luma_euro"
MSH03-36-Blue,,"luma_gbp,luma_euro"
MSH03-36-Green,,"luma_gbp,luma_euro"
MSH03,Luma Europe Catalogue/Men/Bottoms/Shorts,"luma_gbp,luma_euro"
MSH04-32-Gray,,"luma_gbp,luma_euro"
MSH04-32-Purple,,"luma_gbp,luma_euro"
MSH04-32-Yellow,,"luma_gbp,luma_euro"
MSH04-33-Gray,,"luma_gbp,luma_euro"
MSH04-33-Purple,,"luma_gbp,luma_euro"
MSH04-33-Yellow,,"luma_gbp,luma_euro"
MSH04-34-Gray,,"luma_gbp,luma_euro"
MSH04-34-Purple,,"luma_gbp,luma_euro"
MSH04-34-Yellow,,"luma_gbp,luma_euro"
MSH04-36-Gray,,"luma_gbp,luma_euro"
MSH04-36-Purple,,"luma_gbp,luma_euro"
MSH04-36-Yellow,,"luma_gbp,luma_euro"
MSH04,Luma Europe Catalogue/Men/Bottoms/Shorts,"luma_gbp,luma_euro"
MSH05-32-Black,,"luma_gbp,luma_euro"
MSH05-32-Blue,,"luma_gbp,luma_euro"
MSH05-32-Gray,,"luma_gbp,luma_euro"
MSH05-33-Black,,"luma_gbp,luma_euro"
MSH05-33-Blue,,"luma_gbp,luma_euro"
MSH05-33-Gray,,"luma_gbp,luma_euro"
MSH05-34-Black,,"luma_gbp,luma_euro"
MSH05-34-Blue,,"luma_gbp,luma_euro"
MSH05-34-Gray,,"luma_gbp,luma_euro"
MSH05-36-Black,,"luma_gbp,luma_euro"
MSH05-36-Blue,,"luma_gbp,luma_euro"
MSH05-36-Gray,,"luma_gbp,luma_euro"
MSH05,Luma Europe Catalogue/Men/Bottoms/Shorts,"luma_gbp,luma_euro"
MSH06-32-Blue,,"luma_gbp,luma_euro"
MSH06-32-Gray,,"luma_gbp,luma_euro"
MSH06-32-Red,,"luma_gbp,luma_euro"
MSH06-33-Blue,,"luma_gbp,luma_euro"
MSH06-33-Gray,,"luma_gbp,luma_euro"
MSH06-33-Red,,"luma_gbp,luma_euro"
MSH06-34-Blue,,"luma_gbp,luma_euro"
MSH06-34-Gray,,"luma_gbp,luma_euro"
MSH06-34-Red,,"luma_gbp,luma_euro"
MSH06-36-Blue,,"luma_gbp,luma_euro"
MSH06-36-Gray,,"luma_gbp,luma_euro"
MSH06-36-Red,,"luma_gbp,luma_euro"
MSH06,Luma Europe Catalogue/Men/Bottoms/Shorts,"luma_gbp,luma_euro"
MSH07-32-Black,,"luma_gbp,luma_euro"
MSH07-32-Blue,,"luma_gbp,luma_euro"
MSH07-32-Purple,,"luma_gbp,luma_euro"
MSH07-33-Black,,"luma_gbp,luma_euro"
MSH07-33-Blue,,"luma_gbp,luma_euro"
MSH07-33-Purple,,"luma_gbp,luma_euro"
MSH07-34-Black,,"luma_gbp,luma_euro"
MSH07-34-Blue,,"luma_gbp,luma_euro"
MSH07-34-Purple,,"luma_gbp,luma_euro"
MSH07-36-Black,,"luma_gbp,luma_euro"
MSH07-36-Blue,,"luma_gbp,luma_euro"
MSH07-36-Purple,,"luma_gbp,luma_euro"
MSH07,Luma Europe Catalogue/Men/Bottoms/Shorts,"luma_gbp,luma_euro"
MSH08-32-Black,,"luma_gbp,luma_euro"
MSH08-32-Blue,,"luma_gbp,luma_euro"
MSH08-32-Green,,"luma_gbp,luma_euro"
MSH08-33-Black,,"luma_gbp,luma_euro"
MSH08-33-Blue,,"luma_gbp,luma_euro"
MSH08-33-Green,,"luma_gbp,luma_euro"
MSH08-34-Black,,"luma_gbp,luma_euro"
MSH08-34-Blue,,"luma_gbp,luma_euro"
MSH08-34-Green,,"luma_gbp,luma_euro"
MSH08-36-Black,,"luma_gbp,luma_euro"
MSH08-36-Blue,,"luma_gbp,luma_euro"
MSH08-36-Green,,"luma_gbp,luma_euro"
MSH08,Luma Europe Catalogue/Men/Bottoms/Shorts,"luma_gbp,luma_euro"
MSH09-32-Black,,"luma_gbp,luma_euro"
MSH09-32-Blue,,"luma_gbp,luma_euro"
MSH09-32-Green,,"luma_gbp,luma_euro"
MSH09-33-Black,,"luma_gbp,luma_euro"
MSH09-33-Blue,,"luma_gbp,luma_euro"
MSH09-33-Green,,"luma_gbp,luma_euro"
MSH09-34-Black,,"luma_gbp,luma_euro"
MSH09-34-Blue,,"luma_gbp,luma_euro"
MSH09-34-Green,,"luma_gbp,luma_euro"
MSH09-36-Black,,"luma_gbp,luma_euro"
MSH09-36-Blue,,"luma_gbp,luma_euro"
MSH09-36-Green,,"luma_gbp,luma_euro"
MSH09,Luma Europe Catalogue/Men/Bottoms/Shorts,"luma_gbp,luma_euro"
MSH10-32-Blue,,"luma_gbp,luma_euro"
MSH10-32-Green,,"luma_gbp,luma_euro"
MSH10-32-Purple,,"luma_gbp,luma_euro"
MSH10-33-Blue,,"luma_gbp,luma_euro"
MSH10-33-Green,,"luma_gbp,luma_euro"
MSH10-33-Purple,,"luma_gbp,luma_euro"
MSH10-34-Blue,,"luma_gbp,luma_euro"
MSH10-34-Green,,"luma_gbp,luma_euro"
MSH10-34-Purple,,"luma_gbp,luma_euro"
MSH10-36-Blue,,"luma_gbp,luma_euro"
MSH10-36-Green,,"luma_gbp,luma_euro"
MSH10-36-Purple,,"luma_gbp,luma_euro"
MSH10,Luma Europe Catalogue/Men/Bottoms/Shorts,"luma_gbp,luma_euro"
MSH11-32-Black,,"luma_gbp,luma_euro"
MSH11-32-Blue,,"luma_gbp,luma_euro"
MSH11-32-Red,,"luma_gbp,luma_euro"
MSH11-33-Black,,"luma_gbp,luma_euro"
MSH11-33-Blue,,"luma_gbp,luma_euro"
MSH11-33-Red,,"luma_gbp,luma_euro"
MSH11-34-Black,,"luma_gbp,luma_euro"
MSH11-34-Blue,,"luma_gbp,luma_euro"
MSH11-34-Red,,"luma_gbp,luma_euro"
MSH11-36-Black,,"luma_gbp,luma_euro"
MSH11-36-Blue,,"luma_gbp,luma_euro"
MSH11-36-Red,,"luma_gbp,luma_euro"
MSH11,Luma Europe Catalogue/Men/Bottoms/Shorts,"luma_gbp,luma_euro"
MSH12-32-Black,,"luma_gbp,luma_euro"
MSH12-32-Gray,,"luma_gbp,luma_euro"
MSH12-32-Red,,"luma_gbp,luma_euro"
MSH12-33-Black,,"luma_gbp,luma_euro"
MSH12-33-Gray,,"luma_gbp,luma_euro"
MSH12-33-Red,,"luma_gbp,luma_euro"
MSH12-34-Black,,"luma_gbp,luma_euro"
MSH12-34-Gray,,"luma_gbp,luma_euro"
MSH12-34-Red,,"luma_gbp,luma_euro"
MSH12-36-Black,,"luma_gbp,luma_euro"
MSH12-36-Gray,,"luma_gbp,luma_euro"
MSH12-36-Red,,"luma_gbp,luma_euro"
MSH12,Luma Europe Catalogue/Men/Bottoms/Shorts,"luma_gbp,luma_euro"
WH01-XS-Green,,"luma_gbp,luma_euro"
WH01-XS-Orange,,"luma_gbp,luma_euro"
WH01-XS-Purple,,"luma_gbp,luma_euro"
WH01-S-Green,,"luma_gbp,luma_euro"
WH01-S-Orange,,"luma_gbp,luma_euro"
WH01-S-Purple,,"luma_gbp,luma_euro"
WH01-M-Green,,"luma_gbp,luma_euro"
WH01-M-Orange,,"luma_gbp,luma_euro"
WH01-M-Purple,,"luma_gbp,luma_euro"
WH01-L-Green,,"luma_gbp,luma_euro"
WH01-L-Orange,,"luma_gbp,luma_euro"
WH01-L-Purple,,"luma_gbp,luma_euro"
WH01-XL-Green,,"luma_gbp,luma_euro"
WH01-XL-Orange,,"luma_gbp,luma_euro"
WH01-XL-Purple,,"luma_gbp,luma_euro"
WH01,Luma Europe Catalogue/Women/Tops/Hoodies & Sweatshirts,"luma_gbp,luma_euro"
WH02-XS-Blue,,"luma_gbp,luma_euro"
WH02-XS-Green,,"luma_gbp,luma_euro"
WH02-XS-Orange,,"luma_gbp,luma_euro"
WH02-S-Blue,,"luma_gbp,luma_euro"
WH02-S-Green,,"luma_gbp,luma_euro"
WH02-S-Orange,,"luma_gbp,luma_euro"
WH02-M-Blue,,"luma_gbp,luma_euro"
WH02-M-Green,,"luma_gbp,luma_euro"
WH02-M-Orange,,"luma_gbp,luma_euro"
WH02-L-Blue,,"luma_gbp,luma_euro"
WH02-L-Green,,"luma_gbp,luma_euro"
WH02-L-Orange,,"luma_gbp,luma_euro"
WH02-XL-Blue,,"luma_gbp,luma_euro"
WH02-XL-Green,,"luma_gbp,luma_euro"
WH02-XL-Orange,,"luma_gbp,luma_euro"
WH02,Luma Europe Catalogue/Women/Tops/Hoodies & Sweatshirts,"luma_gbp,luma_euro"
WH03-XS-Green,,"luma_gbp,luma_euro"
WH03-XS-Purple,,"luma_gbp,luma_euro"
WH03-XS-Red,,"luma_gbp,luma_euro"
WH03-S-Green,,"luma_gbp,luma_euro"
WH03-S-Purple,,"luma_gbp,luma_euro"
WH03-S-Red,,"luma_gbp,luma_euro"
WH03-M-Green,,"luma_gbp,luma_euro"
WH03-M-Purple,,"luma_gbp,luma_euro"
WH03-M-Red,,"luma_gbp,luma_euro"
WH03-L-Green,,"luma_gbp,luma_euro"
WH03-L-Purple,,"luma_gbp,luma_euro"
WH03-L-Red,,"luma_gbp,luma_euro"
WH03-XL-Green,,"luma_gbp,luma_euro"
WH03-XL-Purple,,"luma_gbp,luma_euro"
WH03-XL-Red,,"luma_gbp,luma_euro"
WH03,Luma Europe Catalogue/Women/Tops/Hoodies & Sweatshirts,"luma_gbp,luma_euro"
WH04-XS-Blue,,"luma_gbp,luma_euro"
WH04-XS-Orange,,"luma_gbp,luma_euro"
WH04-XS-Purple,,"luma_gbp,luma_euro"
WH04-S-Blue,,"luma_gbp,luma_euro"
WH04-S-Orange,,"luma_gbp,luma_euro"
WH04-S-Purple,,"luma_gbp,luma_euro"
WH04-M-Blue,,"luma_gbp,luma_euro"
WH04-M-Orange,,"luma_gbp,luma_euro"
WH04-M-Purple,,"luma_gbp,luma_euro"
WH04-L-Blue,,"luma_gbp,luma_euro"
WH04-L-Orange,,"luma_gbp,luma_euro"
WH04-L-Purple,,"luma_gbp,luma_euro"
WH04-XL-Blue,,"luma_gbp,luma_euro"
WH04-XL-Orange,,"luma_gbp,luma_euro"
WH04-XL-Purple,,"luma_gbp,luma_euro"
WH04,Luma Europe Catalogue/Women/Tops/Hoodies & Sweatshirts,"luma_gbp,luma_euro"
WH05-XS-Orange,,"luma_gbp,luma_euro"
WH05-XS-Purple,,"luma_gbp,luma_euro"
WH05-XS-White,,"luma_gbp,luma_euro"
WH05-S-Orange,,"luma_gbp,luma_euro"
WH05-S-Purple,,"luma_gbp,luma_euro"
WH05-S-White,,"luma_gbp,luma_euro"
WH05-M-Orange,,"luma_gbp,luma_euro"
WH05-M-Purple,,"luma_gbp,luma_euro"
WH05-M-White,,"luma_gbp,luma_euro"
WH05-L-Orange,,"luma_gbp,luma_euro"
WH05-L-Purple,,"luma_gbp,luma_euro"
WH05-L-White,,"luma_gbp,luma_euro"
WH05-XL-Orange,,"luma_gbp,luma_euro"
WH05-XL-Purple,,"luma_gbp,luma_euro"
WH05-XL-White,,"luma_gbp,luma_euro"
WH05,Luma Europe Catalogue/Women/Tops/Hoodies & Sweatshirts,"luma_gbp,luma_euro"
WH06-XS-Purple,,"luma_gbp,luma_euro"
WH06-S-Purple,,"luma_gbp,luma_euro"
WH06-M-Purple,,"luma_gbp,luma_euro"
WH06-L-Purple,,"luma_gbp,luma_euro"
WH06-XL-Purple,,"luma_gbp,luma_euro"
WH06,Luma Europe Catalogue/Women/Tops/Hoodies & Sweatshirts,"luma_gbp,luma_euro"
WH07-XS-Gray,,"luma_gbp,luma_euro"
WH07-XS-Purple,,"luma_gbp,luma_euro"
WH07-XS-White,,"luma_gbp,luma_euro"
WH07-S-Gray,,"luma_gbp,luma_euro"
WH07-S-Purple,,"luma_gbp,luma_euro"
WH07-S-White,,"luma_gbp,luma_euro"
WH07-M-Gray,,"luma_gbp,luma_euro"
WH07-M-Purple,,"luma_gbp,luma_euro"
WH07-M-White,,"luma_gbp,luma_euro"
WH07-L-Gray,,"luma_gbp,luma_euro"
WH07-L-Purple,,"luma_gbp,luma_euro"
WH07-L-White,,"luma_gbp,luma_euro"
WH07-XL-Gray,,"luma_gbp,luma_euro"
WH07-XL-Purple,,"luma_gbp,luma_euro"
WH07-XL-White,,"luma_gbp,luma_euro"
WH07,Luma Europe Catalogue/Women/Tops/Hoodies & Sweatshirts,"luma_gbp,luma_euro"
WH08-XS-Orange,,"luma_gbp,luma_euro"
WH08-XS-Purple,,"luma_gbp,luma_euro"
WH08-XS-White,,"luma_gbp,luma_euro"
WH08-S-Orange,,"luma_gbp,luma_euro"
WH08-S-Purple,,"luma_gbp,luma_euro"
WH08-S-White,,"luma_gbp,luma_euro"
WH08-M-Orange,,"luma_gbp,luma_euro"
WH08-M-Purple,,"luma_gbp,luma_euro"
WH08-M-White,,"luma_gbp,luma_euro"
WH08-L-Orange,,"luma_gbp,luma_euro"
WH08-L-Purple,,"luma_gbp,luma_euro"
WH08-L-White,,"luma_gbp,luma_euro"
WH08-XL-Orange,,"luma_gbp,luma_euro"
WH08-XL-Purple,,"luma_gbp,luma_euro"
WH08-XL-White,,"luma_gbp,luma_euro"
WH08,Luma Europe Catalogue/Women/Tops/Hoodies & Sweatshirts,"luma_gbp,luma_euro"
WH09-XS-Green,,"luma_gbp,luma_euro"
WH09-XS-Purple,,"luma_gbp,luma_euro"
WH09-XS-Red,,"luma_gbp,luma_euro"
WH09-S-Green,,"luma_gbp,luma_euro"
WH09-S-Purple,,"luma_gbp,luma_euro"
WH09-S-Red,,"luma_gbp,luma_euro"
WH09-M-Green,,"luma_gbp,luma_euro"
WH09-M-Purple,,"luma_gbp,luma_euro"
WH09-M-Red,,"luma_gbp,luma_euro"
WH09-L-Green,,"luma_gbp,luma_euro"
WH09-L-Purple,,"luma_gbp,luma_euro"
WH09-L-Red,,"luma_gbp,luma_euro"
WH09-XL-Green,,"luma_gbp,luma_euro"
WH09-XL-Purple,,"luma_gbp,luma_euro"
WH09-XL-Red,,"luma_gbp,luma_euro"
WH09,Luma Europe Catalogue/Women/Tops/Hoodies & Sweatshirts,"luma_gbp,luma_euro"
WH10-XS-Blue,,"luma_gbp,luma_euro"
WH10-XS-Gray,,"luma_gbp,luma_euro"
WH10-XS-Yellow,,"luma_gbp,luma_euro"
WH10-S-Blue,,"luma_gbp,luma_euro"
WH10-S-Gray,,"luma_gbp,luma_euro"
WH10-S-Yellow,,"luma_gbp,luma_euro"
WH10-M-Blue,,"luma_gbp,luma_euro"
WH10-M-Gray,,"luma_gbp,luma_euro"
WH10-M-Yellow,,"luma_gbp,luma_euro"
WH10-L-Blue,,"luma_gbp,luma_euro"
WH10-L-Gray,,"luma_gbp,luma_euro"
WH10-L-Yellow,,"luma_gbp,luma_euro"
WH10-XL-Blue,,"luma_gbp,luma_euro"
WH10-XL-Gray,,"luma_gbp,luma_euro"
WH10-XL-Yellow,,"luma_gbp,luma_euro"
WH10,Luma Europe Catalogue/Women/Tops/Hoodies & Sweatshirts,"luma_gbp,luma_euro"
WH11-XS-Blue,,"luma_gbp,luma_euro"
WH11-XS-Green,,"luma_gbp,luma_euro"
WH11-XS-Orange,,"luma_gbp,luma_euro"
WH11-S-Blue,,"luma_gbp,luma_euro"
WH11-S-Green,,"luma_gbp,luma_euro"
WH11-S-Orange,,"luma_gbp,luma_euro"
WH11-M-Blue,,"luma_gbp,luma_euro"
WH11-M-Green,,"luma_gbp,luma_euro"
WH11-M-Orange,,"luma_gbp,luma_euro"
WH11-L-Blue,,"luma_gbp,luma_euro"
WH11-L-Green,,"luma_gbp,luma_euro"
WH11-L-Orange,,"luma_gbp,luma_euro"
WH11-XL-Blue,,"luma_gbp,luma_euro"
WH11-XL-Green,,"luma_gbp,luma_euro"
WH11-XL-Orange,,"luma_gbp,luma_euro"
WH11,Luma Europe Catalogue/Women/Tops/Hoodies & Sweatshirts,"luma_gbp,luma_euro"
WH12-XS-Gray,,"luma_gbp,luma_euro"
WH12-XS-Green,,"luma_gbp,luma_euro"
WH12-XS-Purple,,"luma_gbp,luma_euro"
WH12-S-Gray,,"luma_gbp,luma_euro"
WH12-S-Green,,"luma_gbp,luma_euro"
WH12-S-Purple,,"luma_gbp,luma_euro"
WH12-M-Gray,,"luma_gbp,luma_euro"
WH12-M-Green,,"luma_gbp,luma_euro"
WH12-M-Purple,,"luma_gbp,luma_euro"
WH12-L-Gray,,"luma_gbp,luma_euro"
WH12-L-Green,,"luma_gbp,luma_euro"
WH12-L-Purple,,"luma_gbp,luma_euro"
WH12-XL-Gray,,"luma_gbp,luma_euro"
WH12-XL-Green,,"luma_gbp,luma_euro"
WH12-XL-Purple,,"luma_gbp,luma_euro"
WH12,Luma Europe Catalogue/Women/Tops/Hoodies & Sweatshirts,"luma_gbp,luma_euro"
WJ01-S-Blue,,"luma_gbp,luma_euro"
WJ01-S-Red,,"luma_gbp,luma_euro"
WJ01-S-Yellow,,"luma_gbp,luma_euro"
WJ01-M-Blue,,"luma_gbp,luma_euro"
WJ01-M-Red,,"luma_gbp,luma_euro"
WJ01-M-Yellow,,"luma_gbp,luma_euro"
WJ01-L-Blue,,"luma_gbp,luma_euro"
WJ01-L-Red,,"luma_gbp,luma_euro"
WJ01-L-Yellow,,"luma_gbp,luma_euro"
WJ01,Luma Europe Catalogue/Women/Tops/Jackets,"luma_gbp,luma_euro"
WJ02-XS-Black,,"luma_gbp,luma_euro"
WJ02-XS-Blue,,"luma_gbp,luma_euro"
WJ02-XS-Gray,,"luma_gbp,luma_euro"
WJ02-S-Black,,"luma_gbp,luma_euro"
WJ02-S-Blue,,"luma_gbp,luma_euro"
WJ02-S-Gray,,"luma_gbp,luma_euro"
WJ02-M-Black,,"luma_gbp,luma_euro"
WJ02-M-Blue,,"luma_gbp,luma_euro"
WJ02-M-Gray,,"luma_gbp,luma_euro"
WJ02-L-Black,,"luma_gbp,luma_euro"
WJ02-L-Blue,,"luma_gbp,luma_euro"
WJ02-L-Gray,,"luma_gbp,luma_euro"
WJ02-XL-Black,,"luma_gbp,luma_euro"
WJ02-XL-Blue,,"luma_gbp,luma_euro"
WJ02-XL-Gray,,"luma_gbp,luma_euro"
WJ02,Luma Europe Catalogue/Women/Tops/Jackets,"luma_gbp,luma_euro"
WJ03-XS-Blue,,"luma_gbp,luma_euro"
WJ03-XS-Orange,,"luma_gbp,luma_euro"
WJ03-XS-Red,,"luma_gbp,luma_euro"
WJ03-S-Blue,,"luma_gbp,luma_euro"
WJ03-S-Orange,,"luma_gbp,luma_euro"
WJ03-S-Red,,"luma_gbp,luma_euro"
WJ03-M-Blue,,"luma_gbp,luma_euro"
WJ03-M-Orange,,"luma_gbp,luma_euro"
WJ03-M-Red,,"luma_gbp,luma_euro"
WJ03-L-Blue,,"luma_gbp,luma_euro"
WJ03-L-Orange,,"luma_gbp,luma_euro"
WJ03-L-Red,,"luma_gbp,luma_euro"
WJ03-XL-Blue,,"luma_gbp,luma_euro"
WJ03-XL-Orange,,"luma_gbp,luma_euro"
WJ03-XL-Red,,"luma_gbp,luma_euro"
WJ03,Luma Europe Catalogue/Women/Tops/Jackets,"luma_gbp,luma_euro"
WJ04-XS-Orange,,"luma_gbp,luma_euro"
WJ04-XS-Red,,"luma_gbp,luma_euro"
WJ04-XS-White,,"luma_gbp,luma_euro"
WJ04-S-Orange,,"luma_gbp,luma_euro"
WJ04-S-Red,,"luma_gbp,luma_euro"
WJ04-S-White,,"luma_gbp,luma_euro"
WJ04-M-Orange,,"luma_gbp,luma_euro"
WJ04-M-Red,,"luma_gbp,luma_euro"
WJ04-M-White,,"luma_gbp,luma_euro"
WJ04-L-Orange,,"luma_gbp,luma_euro"
WJ04-L-Red,,"luma_gbp,luma_euro"
WJ04-L-White,,"luma_gbp,luma_euro"
WJ04-XL-Orange,,"luma_gbp,luma_euro"
WJ04-XL-Red,,"luma_gbp,luma_euro"
WJ04-XL-White,,"luma_gbp,luma_euro"
WJ04,Luma Europe Catalogue/Women/Tops/Jackets,"luma_gbp,luma_euro"
WJ05-XS-Brown,,"luma_gbp,luma_euro"
WJ05-XS-Green,,"luma_gbp,luma_euro"
WJ05-XS-Red,,"luma_gbp,luma_euro"
WJ05-S-Brown,,"luma_gbp,luma_euro"
WJ05-S-Green,,"luma_gbp,luma_euro"
WJ05-S-Red,,"luma_gbp,luma_euro"
WJ05-M-Brown,,"luma_gbp,luma_euro"
WJ05-M-Green,,"luma_gbp,luma_euro"
WJ05-M-Red,,"luma_gbp,luma_euro"
WJ05-L-Brown,,"luma_gbp,luma_euro"
WJ05-L-Green,,"luma_gbp,luma_euro"
WJ05-L-Red,,"luma_gbp,luma_euro"
WJ05-XL-Brown,,"luma_gbp,luma_euro"
WJ05-XL-Green,,"luma_gbp,luma_euro"
WJ05-XL-Red,,"luma_gbp,luma_euro"
WJ05,Luma Europe Catalogue/Women/Tops/Jackets,"luma_gbp,luma_euro"
WJ07-XS-Orange,,"luma_gbp,luma_euro"
WJ07-XS-Purple,,"luma_gbp,luma_euro"
WJ07-XS-Red,,"luma_gbp,luma_euro"
WJ07-S-Orange,,"luma_gbp,luma_euro"
WJ07-S-Purple,,"luma_gbp,luma_euro"
WJ07-S-Red,,"luma_gbp,luma_euro"
WJ07-M-Orange,,"luma_gbp,luma_euro"
WJ07-M-Purple,,"luma_gbp,luma_euro"
WJ07-M-Red,,"luma_gbp,luma_euro"
WJ07-L-Orange,,"luma_gbp,luma_euro"
WJ07-L-Purple,,"luma_gbp,luma_euro"
WJ07-L-Red,,"luma_gbp,luma_euro"
WJ07-XL-Orange,,"luma_gbp,luma_euro"
WJ07-XL-Purple,,"luma_gbp,luma_euro"
WJ07-XL-Red,,"luma_gbp,luma_euro"
WJ07,Luma Europe Catalogue/Women/Tops/Jackets,"luma_gbp,luma_euro"
WJ08-XS-Gray,,"luma_gbp,luma_euro"
WJ08-XS-Orange,,"luma_gbp,luma_euro"
WJ08-XS-Purple,,"luma_gbp,luma_euro"
WJ08-S-Gray,,"luma_gbp,luma_euro"
WJ08-S-Orange,,"luma_gbp,luma_euro"
WJ08-S-Purple,,"luma_gbp,luma_euro"
WJ08-M-Gray,,"luma_gbp,luma_euro"
WJ08-M-Orange,,"luma_gbp,luma_euro"
WJ08-M-Purple,,"luma_gbp,luma_euro"
WJ08-L-Gray,,"luma_gbp,luma_euro"
WJ08-L-Orange,,"luma_gbp,luma_euro"
WJ08-L-Purple,,"luma_gbp,luma_euro"
WJ08-XL-Gray,,"luma_gbp,luma_euro"
WJ08-XL-Orange,,"luma_gbp,luma_euro"
WJ08-XL-Purple,,"luma_gbp,luma_euro"
WJ08,Luma Europe Catalogue/Women/Tops/Jackets,"luma_gbp,luma_euro"
WJ09-XS-Blue,,"luma_gbp,luma_euro"
WJ09-XS-Gray,,"luma_gbp,luma_euro"
WJ09-XS-Green,,"luma_gbp,luma_euro"
WJ09-S-Blue,,"luma_gbp,luma_euro"
WJ09-S-Gray,,"luma_gbp,luma_euro"
WJ09-S-Green,,"luma_gbp,luma_euro"
WJ09-M-Blue,,"luma_gbp,luma_euro"
WJ09-M-Gray,,"luma_gbp,luma_euro"
WJ09-M-Green,,"luma_gbp,luma_euro"
WJ09-L-Blue,,"luma_gbp,luma_euro"
WJ09-L-Gray,,"luma_gbp,luma_euro"
WJ09-L-Green,,"luma_gbp,luma_euro"
WJ09-XL-Blue,,"luma_gbp,luma_euro"
WJ09-XL-Gray,,"luma_gbp,luma_euro"
WJ09-XL-Green,,"luma_gbp,luma_euro"
WJ09,Luma Europe Catalogue/Women/Tops/Jackets,"luma_gbp,luma_euro"
WJ10-XS-Black,,"luma_gbp,luma_euro"
WJ10-XS-Orange,,"luma_gbp,luma_euro"
WJ10-XS-Yellow,,"luma_gbp,luma_euro"
WJ10-S-Black,,"luma_gbp,luma_euro"
WJ10-S-Orange,,"luma_gbp,luma_euro"
WJ10-S-Yellow,,"luma_gbp,luma_euro"
WJ10-M-Black,,"luma_gbp,luma_euro"
WJ10-M-Orange,,"luma_gbp,luma_euro"
WJ10-M-Yellow,,"luma_gbp,luma_euro"
WJ10-L-Black,,"luma_gbp,luma_euro"
WJ10-L-Orange,,"luma_gbp,luma_euro"
WJ10-L-Yellow,,"luma_gbp,luma_euro"
WJ10-XL-Black,,"luma_gbp,luma_euro"
WJ10-XL-Orange,,"luma_gbp,luma_euro"
WJ10-XL-Yellow,,"luma_gbp,luma_euro"
WJ10,Luma Europe Catalogue/Women/Tops/Jackets,"luma_gbp,luma_euro"
WJ11-XS-Black,,"luma_gbp,luma_euro"
WJ11-XS-Blue,,"luma_gbp,luma_euro"
WJ11-XS-Orange,,"luma_gbp,luma_euro"
WJ11-S-Black,,"luma_gbp,luma_euro"
WJ11-S-Blue,,"luma_gbp,luma_euro"
WJ11-S-Orange,,"luma_gbp,luma_euro"
WJ11-M-Black,,"luma_gbp,luma_euro"
WJ11-M-Blue,,"luma_gbp,luma_euro"
WJ11-M-Orange,,"luma_gbp,luma_euro"
WJ11-L-Black,,"luma_gbp,luma_euro"
WJ11-L-Blue,,"luma_gbp,luma_euro"
WJ11-L-Orange,,"luma_gbp,luma_euro"
WJ11-XL-Black,,"luma_gbp,luma_euro"
WJ11-XL-Blue,,"luma_gbp,luma_euro"
WJ11-XL-Orange,,"luma_gbp,luma_euro"
WJ11,Luma Europe Catalogue/Women/Tops/Jackets,"luma_gbp,luma_euro"
WJ06-XS-Blue,,"luma_gbp,luma_euro"
WJ06-XS-Green,,"luma_gbp,luma_euro"
WJ06-XS-Purple,,"luma_gbp,luma_euro"
WJ06-S-Blue,,"luma_gbp,luma_euro"
WJ06-S-Green,,"luma_gbp,luma_euro"
WJ06-S-Purple,,"luma_gbp,luma_euro"
WJ06-M-Blue,,"luma_gbp,luma_euro"
WJ06-M-Green,,"luma_gbp,luma_euro"
WJ06-M-Purple,,"luma_gbp,luma_euro"
WJ06-L-Blue,,"luma_gbp,luma_euro"
WJ06-L-Green,,"luma_gbp,luma_euro"
WJ06-L-Purple,,"luma_gbp,luma_euro"
WJ06-XL-Blue,,"luma_gbp,luma_euro"
WJ06-XL-Green,,"luma_gbp,luma_euro"
WJ06-XL-Purple,,"luma_gbp,luma_euro"
WJ06,Luma Europe Catalogue/Women/Tops/Jackets,"luma_gbp,luma_euro"
WJ12-XS-Black,,"luma_gbp,luma_euro"
WJ12-XS-Blue,,"luma_gbp,luma_euro"
WJ12-XS-Purple,,"luma_gbp,luma_euro"
WJ12-S-Black,,"luma_gbp,luma_euro"
WJ12-S-Blue,,"luma_gbp,luma_euro"
WJ12-S-Purple,,"luma_gbp,luma_euro"
WJ12-M-Black,,"luma_gbp,luma_euro"
WJ12-M-Blue,,"luma_gbp,luma_euro"
WJ12-M-Purple,,"luma_gbp,luma_euro"
WJ12-L-Black,,"luma_gbp,luma_euro"
WJ12-L-Blue,,"luma_gbp,luma_euro"
WJ12-L-Purple,,"luma_gbp,luma_euro"
WJ12-XL-Black,,"luma_gbp,luma_euro"
WJ12-XL-Blue,,"luma_gbp,luma_euro"
WJ12-XL-Purple,,"luma_gbp,luma_euro"
WJ12,Luma Europe Catalogue/Women/Tops/Jackets,"luma_gbp,luma_euro"
WS02-XS-Blue,,"luma_gbp,luma_euro"
WS02-XS-Green,,"luma_gbp,luma_euro"
WS02-XS-Red,,"luma_gbp,luma_euro"
WS02-S-Blue,,"luma_gbp,luma_euro"
WS02-S-Green,,"luma_gbp,luma_euro"
WS02-S-Red,,"luma_gbp,luma_euro"
WS02-M-Blue,,"luma_gbp,luma_euro"
WS02-M-Green,,"luma_gbp,luma_euro"
WS02-M-Red,,"luma_gbp,luma_euro"
WS02-L-Blue,,"luma_gbp,luma_euro"
WS02-L-Green,,"luma_gbp,luma_euro"
WS02-L-Red,,"luma_gbp,luma_euro"
WS02-XL-Blue,,"luma_gbp,luma_euro"
WS02-XL-Green,,"luma_gbp,luma_euro"
WS02-XL-Red,,"luma_gbp,luma_euro"
WS02,Luma Europe Catalogue/Women/Tops/T-Shirts,"luma_gbp,luma_euro"
WS03-XS-Blue,,"luma_gbp,luma_euro"
WS03-XS-Green,,"luma_gbp,luma_euro"
WS03-XS-Red,,"luma_gbp,luma_euro"
WS03-S-Blue,,"luma_gbp,luma_euro"
WS03-S-Green,,"luma_gbp,luma_euro"
WS03-S-Red,,"luma_gbp,luma_euro"
WS03-M-Blue,,"luma_gbp,luma_euro"
WS03-M-Green,,"luma_gbp,luma_euro"
WS03-M-Red,,"luma_gbp,luma_euro"
WS03-L-Blue,,"luma_gbp,luma_euro"
WS03-L-Green,,"luma_gbp,luma_euro"
WS03-L-Red,,"luma_gbp,luma_euro"
WS03-XL-Blue,,"luma_gbp,luma_euro"
WS03-XL-Green,,"luma_gbp,luma_euro"
WS03-XL-Red,,"luma_gbp,luma_euro"
WS03,Luma Europe Catalogue/Women/Tops/T-Shirts,"luma_gbp,luma_euro"
WS04-XS-Blue,,"luma_gbp,luma_euro"
WS04-XS-Green,,"luma_gbp,luma_euro"
WS04-XS-Red,,"luma_gbp,luma_euro"
WS04-S-Blue,,"luma_gbp,luma_euro"
WS04-S-Green,,"luma_gbp,luma_euro"
WS04-S-Red,,"luma_gbp,luma_euro"
WS04-M-Blue,,"luma_gbp,luma_euro"
WS04-M-Green,,"luma_gbp,luma_euro"
WS04-M-Red,,"luma_gbp,luma_euro"
WS04-L-Blue,,"luma_gbp,luma_euro"
WS04-L-Green,,"luma_gbp,luma_euro"
WS04-L-Red,,"luma_gbp,luma_euro"
WS04-XL-Blue,,"luma_gbp,luma_euro"
WS04-XL-Green,,"luma_gbp,luma_euro"
WS04-XL-Red,,"luma_gbp,luma_euro"
WS04,Luma Europe Catalogue/Women/Tops/T-Shirts,"luma_gbp,luma_euro"
WS06-XS-Gray,,"luma_gbp,luma_euro"
WS06-XS-Purple,,"luma_gbp,luma_euro"
WS06-XS-Red,,"luma_gbp,luma_euro"
WS06-S-Gray,,"luma_gbp,luma_euro"
WS06-S-Purple,,"luma_gbp,luma_euro"
WS06-S-Red,,"luma_gbp,luma_euro"
WS06-M-Gray,,"luma_gbp,luma_euro"
WS06-M-Purple,,"luma_gbp,luma_euro"
WS06-M-Red,,"luma_gbp,luma_euro"
WS06-L-Gray,,"luma_gbp,luma_euro"
WS06-L-Purple,,"luma_gbp,luma_euro"
WS06-L-Red,,"luma_gbp,luma_euro"
WS06-XL-Gray,,"luma_gbp,luma_euro"
WS06-XL-Purple,,"luma_gbp,luma_euro"
WS06-XL-Red,,"luma_gbp,luma_euro"
WS06,Luma Europe Catalogue/Women/Tops/T-Shirts,"luma_gbp,luma_euro"
WS07-XS-Black,,"luma_gbp,luma_euro"
WS07-XS-White,,"luma_gbp,luma_euro"
WS07-XS-Yellow,,"luma_gbp,luma_euro"
WS07-S-Black,,"luma_gbp,luma_euro"
WS07-S-White,,"luma_gbp,luma_euro"
WS07-S-Yellow,,"luma_gbp,luma_euro"
WS07-M-Black,,"luma_gbp,luma_euro"
WS07-M-White,,"luma_gbp,luma_euro"
WS07-M-Yellow,,"luma_gbp,luma_euro"
WS07-L-Black,,"luma_gbp,luma_euro"
WS07-L-White,,"luma_gbp,luma_euro"
WS07-L-Yellow,,"luma_gbp,luma_euro"
WS07-XL-Black,,"luma_gbp,luma_euro"
WS07-XL-White,,"luma_gbp,luma_euro"
WS07-XL-Yellow,,"luma_gbp,luma_euro"
WS07,Luma Europe Catalogue/Women/Tops/T-Shirts,"luma_gbp,luma_euro"
WS08-XS-Black,,"luma_gbp,luma_euro"
WS08-XS-Blue,,"luma_gbp,luma_euro"
WS08-XS-Red,,"luma_gbp,luma_euro"
WS08-S-Black,,"luma_gbp,luma_euro"
WS08-S-Blue,,"luma_gbp,luma_euro"
WS08-S-Red,,"luma_gbp,luma_euro"
WS08-M-Black,,"luma_gbp,luma_euro"
WS08-M-Blue,,"luma_gbp,luma_euro"
WS08-M-Red,,"luma_gbp,luma_euro"
WS08-L-Black,,"luma_gbp,luma_euro"
WS08-L-Blue,,"luma_gbp,luma_euro"
WS08-L-Red,,"luma_gbp,luma_euro"
WS08-XL-Black,,"luma_gbp,luma_euro"
WS08-XL-Blue,,"luma_gbp,luma_euro"
WS08-XL-Red,,"luma_gbp,luma_euro"
WS08,Luma Europe Catalogue/Women/Tops/T-Shirts,"luma_gbp,luma_euro"
WS09-XS-Blue,,"luma_gbp,luma_euro"
WS09-XS-Red,,"luma_gbp,luma_euro"
WS09-XS-White,,"luma_gbp,luma_euro"
WS09-S-Blue,,"luma_gbp,luma_euro"
WS09-S-Red,,"luma_gbp,luma_euro"
WS09-S-White,,"luma_gbp,luma_euro"
WS09-M-Blue,,"luma_gbp,luma_euro"
WS09-M-Red,,"luma_gbp,luma_euro"
WS09-M-White,,"luma_gbp,luma_euro"
WS09-L-Blue,,"luma_gbp,luma_euro"
WS09-L-Red,,"luma_gbp,luma_euro"
WS09-L-White,,"luma_gbp,luma_euro"
WS09-XL-Blue,,"luma_gbp,luma_euro"
WS09-XL-Red,,"luma_gbp,luma_euro"
WS09-XL-White,,"luma_gbp,luma_euro"
WS09,Luma Europe Catalogue/Women/Tops/T-Shirts,"luma_gbp,luma_euro"
WS10-XS-Green,,"luma_gbp,luma_euro"
WS10-XS-Red,,"luma_gbp,luma_euro"
WS10-XS-Yellow,,"luma_gbp,luma_euro"
WS10-S-Green,,"luma_gbp,luma_euro"
WS10-S-Red,,"luma_gbp,luma_euro"
WS10-S-Yellow,,"luma_gbp,luma_euro"
WS10-M-Green,,"luma_gbp,luma_euro"
WS10-M-Red,,"luma_gbp,luma_euro"
WS10-M-Yellow,,"luma_gbp,luma_euro"
WS10-L-Green,,"luma_gbp,luma_euro"
WS10-L-Red,,"luma_gbp,luma_euro"
WS10-L-Yellow,,"luma_gbp,luma_euro"
WS10-XL-Green,,"luma_gbp,luma_euro"
WS10-XL-Red,,"luma_gbp,luma_euro"
WS10-XL-Yellow,,"luma_gbp,luma_euro"
WS10,Luma Europe Catalogue/Women/Tops/T-Shirts,"luma_gbp,luma_euro"
WS11-XS-Green,,"luma_gbp,luma_euro"
WS11-XS-Orange,,"luma_gbp,luma_euro"
WS11-XS-Yellow,,"luma_gbp,luma_euro"
WS11-S-Green,,"luma_gbp,luma_euro"
WS11-S-Orange,,"luma_gbp,luma_euro"
WS11-S-Yellow,,"luma_gbp,luma_euro"
WS11-M-Green,,"luma_gbp,luma_euro"
WS11-M-Orange,,"luma_gbp,luma_euro"
WS11-M-Yellow,,"luma_gbp,luma_euro"
WS11-L-Green,,"luma_gbp,luma_euro"
WS11-L-Orange,,"luma_gbp,luma_euro"
WS11-L-Yellow,,"luma_gbp,luma_euro"
WS11-XL-Green,,"luma_gbp,luma_euro"
WS11-XL-Orange,,"luma_gbp,luma_euro"
WS11-XL-Yellow,,"luma_gbp,luma_euro"
WS11,Luma Europe Catalogue/Women/Tops/T-Shirts,"luma_gbp,luma_euro"
WS12-XS-Blue,,"luma_gbp,luma_euro"
WS12-XS-Orange,,"luma_gbp,luma_euro"
WS12-XS-Purple,,"luma_gbp,luma_euro"
WS12-S-Blue,,"luma_gbp,luma_euro"
WS12-S-Orange,,"luma_gbp,luma_euro"
WS12-S-Purple,,"luma_gbp,luma_euro"
WS12-M-Blue,,"luma_gbp,luma_euro"
WS12-M-Orange,,"luma_gbp,luma_euro"
WS12-M-Purple,,"luma_gbp,luma_euro"
WS12-L-Blue,,"luma_gbp,luma_euro"
WS12-L-Orange,,"luma_gbp,luma_euro"
WS12-L-Purple,,"luma_gbp,luma_euro"
WS12-XL-Blue,,"luma_gbp,luma_euro"
WS12-XL-Orange,,"luma_gbp,luma_euro"
WS12-XL-Purple,,"luma_gbp,luma_euro"
WS12,Luma Europe Catalogue/Women/Tops/T-Shirts,"luma_gbp,luma_euro"
WS01-XS-Black,,"luma_gbp,luma_euro"
WS01-XS-Green,,"luma_gbp,luma_euro"
WS01-XS-Yellow,,"luma_gbp,luma_euro"
WS01-S-Black,,"luma_gbp,luma_euro"
WS01-S-Green,,"luma_gbp,luma_euro"
WS01-S-Yellow,,"luma_gbp,luma_euro"
WS01-M-Black,,"luma_gbp,luma_euro"
WS01-M-Green,,"luma_gbp,luma_euro"
WS01-M-Yellow,,"luma_gbp,luma_euro"
WS01-L-Black,,"luma_gbp,luma_euro"
WS01-L-Green,,"luma_gbp,luma_euro"
WS01-L-Yellow,,"luma_gbp,luma_euro"
WS01-XL-Black,,"luma_gbp,luma_euro"
WS01-XL-Green,,"luma_gbp,luma_euro"
WS01-XL-Yellow,,"luma_gbp,luma_euro"
WS01,Luma Europe Catalogue/Women/Tops/T-Shirts,"luma_gbp,luma_euro"
WS05-XS-Black,,"luma_gbp,luma_euro"
WS05-XS-Orange,,"luma_gbp,luma_euro"
WS05-XS-Yellow,,"luma_gbp,luma_euro"
WS05-S-Black,,"luma_gbp,luma_euro"
WS05-S-Orange,,"luma_gbp,luma_euro"
WS05-S-Yellow,,"luma_gbp,luma_euro"
WS05-M-Black,,"luma_gbp,luma_euro"
WS05-M-Orange,,"luma_gbp,luma_euro"
WS05-M-Yellow,,"luma_gbp,luma_euro"
WS05-L-Black,,"luma_gbp,luma_euro"
WS05-L-Orange,,"luma_gbp,luma_euro"
WS05-L-Yellow,,"luma_gbp,luma_euro"
WS05-XL-Black,,"luma_gbp,luma_euro"
WS05-XL-Orange,,"luma_gbp,luma_euro"
WS05-XL-Yellow,,"luma_gbp,luma_euro"
WS05,Luma Europe Catalogue/Women/Tops/T-Shirts,"luma_gbp,luma_euro"
WB01-XS-Black,,"luma_gbp,luma_euro"
WB01-XS-Gray,,"luma_gbp,luma_euro"
WB01-XS-Purple,,"luma_gbp,luma_euro"
WB01-S-Black,,"luma_gbp,luma_euro"
WB01-S-Gray,,"luma_gbp,luma_euro"
WB01-S-Purple,,"luma_gbp,luma_euro"
WB01-M-Black,,"luma_gbp,luma_euro"
WB01-M-Gray,,"luma_gbp,luma_euro"
WB01-M-Purple,,"luma_gbp,luma_euro"
WB01-L-Black,,"luma_gbp,luma_euro"
WB01-L-Gray,,"luma_gbp,luma_euro"
WB01-L-Purple,,"luma_gbp,luma_euro"
WB01-XL-Black,,"luma_gbp,luma_euro"
WB01-XL-Gray,,"luma_gbp,luma_euro"
WB01-XL-Purple,,"luma_gbp,luma_euro"
WB01,Luma Europe Catalogue/Women/Tops/Sports Bras,"luma_gbp,luma_euro"
WB02-XS-Blue,,"luma_gbp,luma_euro"
WB02-XS-Orange,,"luma_gbp,luma_euro"
WB02-XS-Yellow,,"luma_gbp,luma_euro"
WB02-S-Blue,,"luma_gbp,luma_euro"
WB02-S-Orange,,"luma_gbp,luma_euro"
WB02-S-Yellow,,"luma_gbp,luma_euro"
WB02-M-Blue,,"luma_gbp,luma_euro"
WB02-M-Orange,,"luma_gbp,luma_euro"
WB02-M-Yellow,,"luma_gbp,luma_euro"
WB02-L-Blue,,"luma_gbp,luma_euro"
WB02-L-Orange,,"luma_gbp,luma_euro"
WB02-L-Yellow,,"luma_gbp,luma_euro"
WB02-XL-Blue,,"luma_gbp,luma_euro"
WB02-XL-Orange,,"luma_gbp,luma_euro"
WB02-XL-Yellow,,"luma_gbp,luma_euro"
WB02,Luma Europe Catalogue/Women/Tops/Sports Bras,"luma_gbp,luma_euro"
WB03-XS-Green,,"luma_gbp,luma_euro"
WB03-XS-Red,,"luma_gbp,luma_euro"
WB03-XS-Yellow,,"luma_gbp,luma_euro"
WB03-S-Green,,"luma_gbp,luma_euro"
WB03-S-Red,,"luma_gbp,luma_euro"
WB03-S-Yellow,,"luma_gbp,luma_euro"
WB03-M-Green,,"luma_gbp,luma_euro"
WB03-M-Red,,"luma_gbp,luma_euro"
WB03-M-Yellow,,"luma_gbp,luma_euro"
WB03-L-Green,,"luma_gbp,luma_euro"
WB03-L-Red,,"luma_gbp,luma_euro"
WB03-L-Yellow,,"luma_gbp,luma_euro"
WB03-XL-Green,,"luma_gbp,luma_euro"
WB03-XL-Red,,"luma_gbp,luma_euro"
WB03-XL-Yellow,,"luma_gbp,luma_euro"
WB03,Luma Europe Catalogue/Women/Tops/Sports Bras,"luma_gbp,luma_euro"
WB04-XS-Blue,,"luma_gbp,luma_euro"
WB04-XS-Purple,,"luma_gbp,luma_euro"
WB04-XS-Yellow,,"luma_gbp,luma_euro"
WB04-S-Blue,,"luma_gbp,luma_euro"
WB04-S-Purple,,"luma_gbp,luma_euro"
WB04-S-Yellow,,"luma_gbp,luma_euro"
WB04-M-Blue,,"luma_gbp,luma_euro"
WB04-M-Purple,,"luma_gbp,luma_euro"
WB04-M-Yellow,,"luma_gbp,luma_euro"
WB04-L-Blue,,"luma_gbp,luma_euro"
WB04-L-Purple,,"luma_gbp,luma_euro"
WB04-L-Yellow,,"luma_gbp,luma_euro"
WB04-XL-Blue,,"luma_gbp,luma_euro"
WB04-XL-Purple,,"luma_gbp,luma_euro"
WB04-XL-Yellow,,"luma_gbp,luma_euro"
WB04,Luma Europe Catalogue/Women/Tops/Sports Bras,"luma_gbp,luma_euro"
WB05-XS-Black,,"luma_gbp,luma_euro"
WB05-XS-Orange,,"luma_gbp,luma_euro"
WB05-XS-Purple,,"luma_gbp,luma_euro"
WB05-S-Black,,"luma_gbp,luma_euro"
WB05-S-Orange,,"luma_gbp,luma_euro"
WB05-S-Purple,,"luma_gbp,luma_euro"
WB05-M-Black,,"luma_gbp,luma_euro"
WB05-M-Orange,,"luma_gbp,luma_euro"
WB05-M-Purple,,"luma_gbp,luma_euro"
WB05-L-Black,,"luma_gbp,luma_euro"
WB05-L-Orange,,"luma_gbp,luma_euro"
WB05-L-Purple,,"luma_gbp,luma_euro"
WB05-XL-Black,,"luma_gbp,luma_euro"
WB05-XL-Orange,,"luma_gbp,luma_euro"
WB05-XL-Purple,,"luma_gbp,luma_euro"
WB05,Luma Europe Catalogue/Women/Tops/Sports Bras,"luma_gbp,luma_euro"
WT01-XS-Black,,"luma_gbp,luma_euro"
WT01-XS-Blue,,"luma_gbp,luma_euro"
WT01-XS-Orange,,"luma_gbp,luma_euro"
WT01-S-Black,,"luma_gbp,luma_euro"
WT01-S-Blue,,"luma_gbp,luma_euro"
WT01-S-Orange,,"luma_gbp,luma_euro"
WT01-M-Black,,"luma_gbp,luma_euro"
WT01-M-Blue,,"luma_gbp,luma_euro"
WT01-M-Orange,,"luma_gbp,luma_euro"
WT01-L-Black,,"luma_gbp,luma_euro"
WT01-L-Blue,,"luma_gbp,luma_euro"
WT01-L-Orange,,"luma_gbp,luma_euro"
WT01-XL-Black,,"luma_gbp,luma_euro"
WT01-XL-Blue,,"luma_gbp,luma_euro"
WT01-XL-Orange,,"luma_gbp,luma_euro"
WT01,Luma Europe Catalogue/Women/Tops/Tank Tops,"luma_gbp,luma_euro"
WT02-XS-Green,,"luma_gbp,luma_euro"
WT02-XS-Orange,,"luma_gbp,luma_euro"
WT02-XS-Yellow,,"luma_gbp,luma_euro"
WT02-S-Green,,"luma_gbp,luma_euro"
WT02-S-Orange,,"luma_gbp,luma_euro"
WT02-S-Yellow,,"luma_gbp,luma_euro"
WT02-M-Green,,"luma_gbp,luma_euro"
WT02-M-Orange,,"luma_gbp,luma_euro"
WT02-M-Yellow,,"luma_gbp,luma_euro"
WT02-L-Green,,"luma_gbp,luma_euro"
WT02-L-Orange,,"luma_gbp,luma_euro"
WT02-L-Yellow,,"luma_gbp,luma_euro"
WT02-XL-Green,,"luma_gbp,luma_euro"
WT02-XL-Orange,,"luma_gbp,luma_euro"
WT02-XL-Yellow,,"luma_gbp,luma_euro"
WT02,Luma Europe Catalogue/Women/Tops/Tank Tops,"luma_gbp,luma_euro"
WT03-XS-Orange,,"luma_gbp,luma_euro"
WT03-XS-Purple,,"luma_gbp,luma_euro"
WT03-XS-Red,,"luma_gbp,luma_euro"
WT03-S-Orange,,"luma_gbp,luma_euro"
WT03-S-Purple,,"luma_gbp,luma_euro"
WT03-S-Red,,"luma_gbp,luma_euro"
WT03-M-Orange,,"luma_gbp,luma_euro"
WT03-M-Purple,,"luma_gbp,luma_euro"
WT03-M-Red,,"luma_gbp,luma_euro"
WT03-L-Orange,,"luma_gbp,luma_euro"
WT03-L-Purple,,"luma_gbp,luma_euro"
WT03-L-Red,,"luma_gbp,luma_euro"
WT03-XL-Orange,,"luma_gbp,luma_euro"
WT03-XL-Purple,,"luma_gbp,luma_euro"
WT03-XL-Red,,"luma_gbp,luma_euro"
WT03,Luma Europe Catalogue/Women/Tops/Tank Tops,"luma_gbp,luma_euro"
WT04-XS-Blue,,"luma_gbp,luma_euro"
WT04-XS-Purple,,"luma_gbp,luma_euro"
WT04-XS-Red,,"luma_gbp,luma_euro"
WT04-S-Blue,,"luma_gbp,luma_euro"
WT04-S-Purple,,"luma_gbp,luma_euro"
WT04-S-Red,,"luma_gbp,luma_euro"
WT04-M-Blue,,"luma_gbp,luma_euro"
WT04-M-Purple,,"luma_gbp,luma_euro"
WT04-M-Red,,"luma_gbp,luma_euro"
WT04-L-Blue,,"luma_gbp,luma_euro"
WT04-L-Purple,,"luma_gbp,luma_euro"
WT04-L-Red,,"luma_gbp,luma_euro"
WT04-XL-Blue,,"luma_gbp,luma_euro"
WT04-XL-Purple,,"luma_gbp,luma_euro"
WT04-XL-Red,,"luma_gbp,luma_euro"
WT04,Luma Europe Catalogue/Women/Tops/Tank Tops,"luma_gbp,luma_euro"
WT05-XS-Orange,,"luma_gbp,luma_euro"
WT05-XS-Purple,,"luma_gbp,luma_euro"
WT05-XS-White,,"luma_gbp,luma_euro"
WT05-S-Orange,,"luma_gbp,luma_euro"
WT05-S-Purple,,"luma_gbp,luma_euro"
WT05-S-White,,"luma_gbp,luma_euro"
WT05-M-Orange,,"luma_gbp,luma_euro"
WT05-M-Purple,,"luma_gbp,luma_euro"
WT05-M-White,,"luma_gbp,luma_euro"
WT05-L-Orange,,"luma_gbp,luma_euro"
WT05-L-Purple,,"luma_gbp,luma_euro"
WT05-L-White,,"luma_gbp,luma_euro"
WT05-XL-Orange,,"luma_gbp,luma_euro"
WT05-XL-Purple,,"luma_gbp,luma_euro"
WT05-XL-White,,"luma_gbp,luma_euro"
WT05,Luma Europe Catalogue/Women/Tops/Tank Tops,"luma_gbp,luma_euro"
WT06-XS-Blue,,"luma_gbp,luma_euro"
WT06-XS-Red,,"luma_gbp,luma_euro"
WT06-XS-Yellow,,"luma_gbp,luma_euro"
WT06-S-Blue,,"luma_gbp,luma_euro"
WT06-S-Red,,"luma_gbp,luma_euro"
WT06-S-Yellow,,"luma_gbp,luma_euro"
WT06-M-Blue,,"luma_gbp,luma_euro"
WT06-M-Red,,"luma_gbp,luma_euro"
WT06-M-Yellow,,"luma_gbp,luma_euro"
WT06-L-Blue,,"luma_gbp,luma_euro"
WT06-L-Red,,"luma_gbp,luma_euro"
WT06-L-Yellow,,"luma_gbp,luma_euro"
WT06-XL-Blue,,"luma_gbp,luma_euro"
WT06-XL-Red,,"luma_gbp,luma_euro"
WT06-XL-Yellow,,"luma_gbp,luma_euro"
WT06,Luma Europe Catalogue/Women/Tops/Tank Tops,"luma_gbp,luma_euro"
WT07-XS-Green,,"luma_gbp,luma_euro"
WT07-XS-White,,"luma_gbp,luma_euro"
WT07-XS-Yellow,,"luma_gbp,luma_euro"
WT07-S-Green,,"luma_gbp,luma_euro"
WT07-S-White,,"luma_gbp,luma_euro"
WT07-S-Yellow,,"luma_gbp,luma_euro"
WT07-M-Green,,"luma_gbp,luma_euro"
WT07-M-White,,"luma_gbp,luma_euro"
WT07-M-Yellow,,"luma_gbp,luma_euro"
WT07-L-Green,,"luma_gbp,luma_euro"
WT07-L-White,,"luma_gbp,luma_euro"
WT07-L-Yellow,,"luma_gbp,luma_euro"
WT07-XL-Green,,"luma_gbp,luma_euro"
WT07-XL-White,,"luma_gbp,luma_euro"
WT07-XL-Yellow,,"luma_gbp,luma_euro"
WT07,Luma Europe Catalogue/Women/Tops/Tank Tops,"luma_gbp,luma_euro"
WT08-XS-Black,,"luma_gbp,luma_euro"
WT08-XS-Purple,,"luma_gbp,luma_euro"
WT08-XS-Yellow,,"luma_gbp,luma_euro"
WT08-S-Black,,"luma_gbp,luma_euro"
WT08-S-Purple,,"luma_gbp,luma_euro"
WT08-S-Yellow,,"luma_gbp,luma_euro"
WT08-M-Black,,"luma_gbp,luma_euro"
WT08-M-Purple,,"luma_gbp,luma_euro"
WT08-M-Yellow,,"luma_gbp,luma_euro"
WT08-L-Black,,"luma_gbp,luma_euro"
WT08-L-Purple,,"luma_gbp,luma_euro"
WT08-L-Yellow,,"luma_gbp,luma_euro"
WT08-XL-Black,,"luma_gbp,luma_euro"
WT08-XL-Purple,,"luma_gbp,luma_euro"
WT08-XL-Yellow,,"luma_gbp,luma_euro"
WT08,Luma Europe Catalogue/Women/Tops/Tank Tops,"luma_gbp,luma_euro"
WT09-XS-Purple,,"luma_gbp,luma_euro"
WT09-XS-White,,"luma_gbp,luma_euro"
WT09-XS-Yellow,,"luma_gbp,luma_euro"
WT09-S-Purple,,"luma_gbp,luma_euro"
WT09-S-White,,"luma_gbp,luma_euro"
WT09-S-Yellow,,"luma_gbp,luma_euro"
WT09-M-Purple,,"luma_gbp,luma_euro"
WT09-M-White,,"luma_gbp,luma_euro"
WT09-M-Yellow,,"luma_gbp,luma_euro"
WT09-L-Purple,,"luma_gbp,luma_euro"
WT09-L-White,,"luma_gbp,luma_euro"
WT09-L-Yellow,,"luma_gbp,luma_euro"
WT09-XL-Purple,,"luma_gbp,luma_euro"
WT09-XL-White,,"luma_gbp,luma_euro"
WT09-XL-Yellow,,"luma_gbp,luma_euro"
WT09,Luma Europe Catalogue/Women/Tops/Tank Tops,"luma_gbp,luma_euro"
WP01-28-Black,,"luma_gbp,luma_euro"
WP01-28-Gray,,"luma_gbp,luma_euro"
WP01-28-White,,"luma_gbp,luma_euro"
WP01-29-Black,,"luma_gbp,luma_euro"
WP01-29-Gray,,"luma_gbp,luma_euro"
WP01-29-White,,"luma_gbp,luma_euro"
WP01,Luma Europe Catalogue/Women/Bottoms/Sweatpants & Joggers,"luma_gbp,luma_euro"
WP02-28-Blue,,"luma_gbp,luma_euro"
WP02-28-Purple,,"luma_gbp,luma_euro"
WP02-28-Red,,"luma_gbp,luma_euro"
WP02-29-Blue,,"luma_gbp,luma_euro"
WP02-29-Purple,,"luma_gbp,luma_euro"
WP02-29-Red,,"luma_gbp,luma_euro"
WP02,Luma Europe Catalogue/Women/Bottoms/Sweatpants & Joggers,"luma_gbp,luma_euro"
WP03-28-Black,,"luma_gbp,luma_euro"
WP03-28-Blue,,"luma_gbp,luma_euro"
WP03-28-Purple,,"luma_gbp,luma_euro"
WP03-29-Black,,"luma_gbp,luma_euro"
WP03-29-Blue,,"luma_gbp,luma_euro"
WP03-29-Purple,,"luma_gbp,luma_euro"
WP03,Luma Europe Catalogue/Women/Bottoms/Sweatpants & Joggers,"luma_gbp,luma_euro"
WP04-28-Black,,"luma_gbp,luma_euro"
WP04-28-Blue,,"luma_gbp,luma_euro"
WP04-28-White,,"luma_gbp,luma_euro"
WP04-29-Black,,"luma_gbp,luma_euro"
WP04-29-Blue,,"luma_gbp,luma_euro"
WP04-29-White,,"luma_gbp,luma_euro"
WP04,Luma Europe Catalogue/Women/Bottoms/Sweatpants & Joggers,"luma_gbp,luma_euro"
WP05-28-Blue,,"luma_gbp,luma_euro"
WP05-28-Gray,,"luma_gbp,luma_euro"
WP05-28-Red,,"luma_gbp,luma_euro"
WP05-29-Blue,,"luma_gbp,luma_euro"
WP05-29-Gray,,"luma_gbp,luma_euro"
WP05-29-Red,,"luma_gbp,luma_euro"
WP05,Luma Europe Catalogue/Women/Bottoms/Sweatpants & Joggers,"luma_gbp,luma_euro"
WP06-28-Black,,"luma_gbp,luma_euro"
WP06-28-Blue,,"luma_gbp,luma_euro"
WP06-28-Orange,,"luma_gbp,luma_euro"
WP06-29-Black,,"luma_gbp,luma_euro"
WP06-29-Blue,,"luma_gbp,luma_euro"
WP06-29-Orange,,"luma_gbp,luma_euro"
WP06,Luma Europe Catalogue/Women/Bottoms/Sweatpants & Joggers,"luma_gbp,luma_euro"
WP07-28-Black,,"luma_gbp,luma_euro"
WP07-28-Blue,,"luma_gbp,luma_euro"
WP07-28-Orange,,"luma_gbp,luma_euro"
WP07-29-Black,,"luma_gbp,luma_euro"
WP07-29-Blue,,"luma_gbp,luma_euro"
WP07-29-Orange,,"luma_gbp,luma_euro"
WP07,Luma Europe Catalogue/Women/Bottoms/Sweatpants & Joggers,"luma_gbp,luma_euro"
WP08-28-Black,,"luma_gbp,luma_euro"
WP08-28-Green,,"luma_gbp,luma_euro"
WP08-28-Red,,"luma_gbp,luma_euro"
WP08-29-Black,,"luma_gbp,luma_euro"
WP08-29-Green,,"luma_gbp,luma_euro"
WP08-29-Red,,"luma_gbp,luma_euro"
WP08,Luma Europe Catalogue/Women/Bottoms/Sweatpants & Joggers,"luma_gbp,luma_euro"
WP09-28-Black,,"luma_gbp,luma_euro"
WP09-28-Blue,,"luma_gbp,luma_euro"
WP09-28-Purple,,"luma_gbp,luma_euro"
WP09-29-Black,,"luma_gbp,luma_euro"
WP09-29-Blue,,"luma_gbp,luma_euro"
WP09-29-Purple,,"luma_gbp,luma_euro"
WP09,Luma Europe Catalogue/Women/Bottoms/Sweatpants & Joggers,"luma_gbp,luma_euro"
WP10-28-Black,,"luma_gbp,luma_euro"
WP10-28-Gray,,"luma_gbp,luma_euro"
WP10-28-White,,"luma_gbp,luma_euro"
WP10-29-Black,,"luma_gbp,luma_euro"
WP10-29-Gray,,"luma_gbp,luma_euro"
WP10-29-White,,"luma_gbp,luma_euro"
WP10,Luma Europe Catalogue/Women/Bottoms/Sweatpants & Joggers,"luma_gbp,luma_euro"
WP11-28-Blue,,"luma_gbp,luma_euro"
WP11-28-Green,,"luma_gbp,luma_euro"
WP11-28-Red,,"luma_gbp,luma_euro"
WP11-29-Blue,,"luma_gbp,luma_euro"
WP11-29-Green,,"luma_gbp,luma_euro"
WP11-29-Red,,"luma_gbp,luma_euro"
WP11,Luma Europe Catalogue/Women/Bottoms/Sweatpants & Joggers,"luma_gbp,luma_euro"
WP12-28-Blue,,"luma_gbp,luma_euro"
WP12-28-Gray,,"luma_gbp,luma_euro"
WP12-28-Green,,"luma_gbp,luma_euro"
WP12-29-Blue,,"luma_gbp,luma_euro"
WP12-29-Gray,,"luma_gbp,luma_euro"
WP12-29-Green,,"luma_gbp,luma_euro"
WP12,Luma Europe Catalogue/Women/Bottoms/Sweatpants & Joggers,"luma_gbp,luma_euro"
WP13-28-Blue,,"luma_gbp,luma_euro"
WP13-28-Green,,"luma_gbp,luma_euro"
WP13-28-Orange,,"luma_gbp,luma_euro"
WP13-29-Blue,,"luma_gbp,luma_euro"
WP13-29-Green,,"luma_gbp,luma_euro"
WP13-29-Orange,,"luma_gbp,luma_euro"
WP13,Luma Europe Catalogue/Women/Bottoms/Sweatpants & Joggers,"luma_gbp,luma_euro"
WSH01-28-Black,,"luma_gbp,luma_euro"
WSH01-28-Green,,"luma_gbp,luma_euro"
WSH01-28-Red,,"luma_gbp,luma_euro"
WSH01-29-Black,,"luma_gbp,luma_euro"
WSH01-29-Green,,"luma_gbp,luma_euro"
WSH01-29-Red,,"luma_gbp,luma_euro"
WSH01-30-Black,,"luma_gbp,luma_euro"
WSH01-30-Green,,"luma_gbp,luma_euro"
WSH01-30-Red,,"luma_gbp,luma_euro"
WSH01-31-Black,,"luma_gbp,luma_euro"
WSH01-31-Green,,"luma_gbp,luma_euro"
WSH01-31-Red,,"luma_gbp,luma_euro"
WSH01-32-Black,,"luma_gbp,luma_euro"
WSH01-32-Green,,"luma_gbp,luma_euro"
WSH01-32-Red,,"luma_gbp,luma_euro"
WSH01,Luma Europe Catalogue/Women/Bottoms/Shorts,"luma_gbp,luma_euro"
WSH02-28-Gray,,"luma_gbp,luma_euro"
WSH02-28-Orange,,"luma_gbp,luma_euro"
WSH02-28-Yellow,,"luma_gbp,luma_euro"
WSH02-29-Gray,,"luma_gbp,luma_euro"
WSH02-29-Orange,,"luma_gbp,luma_euro"
WSH02-29-Yellow,,"luma_gbp,luma_euro"
WSH02-30-Gray,,"luma_gbp,luma_euro"
WSH02-30-Orange,,"luma_gbp,luma_euro"
WSH02-30-Yellow,,"luma_gbp,luma_euro"
WSH02-31-Gray,,"luma_gbp,luma_euro"
WSH02-31-Orange,,"luma_gbp,luma_euro"
WSH02-31-Yellow,,"luma_gbp,luma_euro"
WSH02-32-Gray,,"luma_gbp,luma_euro"
WSH02-32-Orange,,"luma_gbp,luma_euro"
WSH02-32-Yellow,,"luma_gbp,luma_euro"
WSH02,Luma Europe Catalogue/Women/Bottoms/Shorts,"luma_gbp,luma_euro"
WSH03-28-Blue,,"luma_gbp,luma_euro"
WSH03-28-Gray,,"luma_gbp,luma_euro"
WSH03-28-Orange,,"luma_gbp,luma_euro"
WSH03-29-Blue,,"luma_gbp,luma_euro"
WSH03-29-Gray,,"luma_gbp,luma_euro"
WSH03-29-Orange,,"luma_gbp,luma_euro"
WSH03-30-Blue,,"luma_gbp,luma_euro"
WSH03-30-Gray,,"luma_gbp,luma_euro"
WSH03-30-Orange,,"luma_gbp,luma_euro"
WSH03-31-Blue,,"luma_gbp,luma_euro"
WSH03-31-Gray,,"luma_gbp,luma_euro"
WSH03-31-Orange,,"luma_gbp,luma_euro"
WSH03-32-Blue,,"luma_gbp,luma_euro"
WSH03-32-Gray,,"luma_gbp,luma_euro"
WSH03-32-Orange,,"luma_gbp,luma_euro"
WSH03,Luma Europe Catalogue/Women/Bottoms/Shorts,"luma_gbp,luma_euro"
WSH04-28-Black,,"luma_gbp,luma_euro"
WSH04-28-Green,,"luma_gbp,luma_euro"
WSH04-28-Orange,,"luma_gbp,luma_euro"
WSH04-29-Black,,"luma_gbp,luma_euro"
WSH04-29-Green,,"luma_gbp,luma_euro"
WSH04-29-Orange,,"luma_gbp,luma_euro"
WSH04-30-Black,,"luma_gbp,luma_euro"
WSH04-30-Green,,"luma_gbp,luma_euro"
WSH04-30-Orange,,"luma_gbp,luma_euro"
WSH04-31-Black,,"luma_gbp,luma_euro"
WSH04-31-Green,,"luma_gbp,luma_euro"
WSH04-31-Orange,,"luma_gbp,luma_euro"
WSH04-32-Black,,"luma_gbp,luma_euro"
WSH04-32-Green,,"luma_gbp,luma_euro"
WSH04-32-Orange,,"luma_gbp,luma_euro"
WSH04,Luma Europe Catalogue/Women/Bottoms/Shorts,"luma_gbp,luma_euro"
WSH05-28-Blue,,"luma_gbp,luma_euro"
WSH05-28-Purple,,"luma_gbp,luma_euro"
WSH05-28-Yellow,,"luma_gbp,luma_euro"
WSH05-29-Blue,,"luma_gbp,luma_euro"
WSH05-29-Purple,,"luma_gbp,luma_euro"
WSH05-29-Yellow,,"luma_gbp,luma_euro"
WSH05-30-Blue,,"luma_gbp,luma_euro"
WSH05-30-Purple,,"luma_gbp,luma_euro"
WSH05-30-Yellow,,"luma_gbp,luma_euro"
WSH05-31-Blue,,"luma_gbp,luma_euro"
WSH05-31-Purple,,"luma_gbp,luma_euro"
WSH05-31-Yellow,,"luma_gbp,luma_euro"
WSH05-32-Blue,,"luma_gbp,luma_euro"
WSH05-32-Purple,,"luma_gbp,luma_euro"
WSH05-32-Yellow,,"luma_gbp,luma_euro"
WSH05,Luma Europe Catalogue/Women/Bottoms/Shorts,"luma_gbp,luma_euro"
WSH06-28-Gray,,"luma_gbp,luma_euro"
WSH06-28-Orange,,"luma_gbp,luma_euro"
WSH06-28-Purple,,"luma_gbp,luma_euro"
WSH06-29-Gray,,"luma_gbp,luma_euro"
WSH06-29-Orange,,"luma_gbp,luma_euro"
WSH06-29-Purple,,"luma_gbp,luma_euro"
WSH06,Luma Europe Catalogue/Women/Bottoms/Shorts,"luma_gbp,luma_euro"
WSH07-28-Black,,"luma_gbp,luma_euro"
WSH07-28-Blue,,"luma_gbp,luma_euro"
WSH07-28-Purple,,"luma_gbp,luma_euro"
WSH07-29-Black,,"luma_gbp,luma_euro"
WSH07-29-Blue,,"luma_gbp,luma_euro"
WSH07-29-Purple,,"luma_gbp,luma_euro"
WSH07,Luma Europe Catalogue/Women/Bottoms/Shorts,"luma_gbp,luma_euro"
WSH08-28-Purple,,"luma_gbp,luma_euro"
WSH08-29-Purple,,"luma_gbp,luma_euro"
WSH08-30-Purple,,"luma_gbp,luma_euro"
WSH08-31-Purple,,"luma_gbp,luma_euro"
WSH08-32-Purple,,"luma_gbp,luma_euro"
WSH08,Luma Europe Catalogue/Women/Bottoms/Shorts,"luma_gbp,luma_euro"
WSH09-28-Gray,,"luma_gbp,luma_euro"
WSH09-28-Green,,"luma_gbp,luma_euro"
WSH09-28-White,,"luma_gbp,luma_euro"
WSH09-29-Gray,,"luma_gbp,luma_euro"
WSH09-29-Green,,"luma_gbp,luma_euro"
WSH09-29-White,,"luma_gbp,luma_euro"
WSH09,Luma Europe Catalogue/Women/Bottoms/Shorts,"luma_gbp,luma_euro"
WSH10-28-Black,,"luma_gbp,luma_euro"
WSH10-28-Orange,,"luma_gbp,luma_euro"
WSH10-28-White,,"luma_gbp,luma_euro"
WSH10-29-Black,,"luma_gbp,luma_euro"
WSH10-29-Orange,,"luma_gbp,luma_euro"
WSH10-29-White,,"luma_gbp,luma_euro"
WSH10,Luma Europe Catalogue/Women/Bottoms/Shorts,"luma_gbp,luma_euro"
WSH11-28-Blue,,"luma_gbp,luma_euro"
WSH11-28-Orange,,"luma_gbp,luma_euro"
WSH11-28-Red,,"luma_gbp,luma_euro"
WSH11-29-Blue,,"luma_gbp,luma_euro"
WSH11-29-Orange,,"luma_gbp,luma_euro"
WSH11-29-Red,,"luma_gbp,luma_euro"
WSH11,Luma Europe Catalogue/Women/Bottoms/Shorts,"luma_gbp,luma_euro"
WSH12-28-Green,,"luma_gbp,luma_euro"
WSH12-28-Purple,,"luma_gbp,luma_euro"
WSH12-28-Red,,"luma_gbp,luma_euro"
WSH12-29-Green,,"luma_gbp,luma_euro"
WSH12-29-Purple,,"luma_gbp,luma_euro"
WSH12-29-Red,,"luma_gbp,luma_euro"
WSH12-30-Green,,"luma_gbp,luma_euro"
WSH12-30-Purple,,"luma_gbp,luma_euro"
WSH12-30-Red,,"luma_gbp,luma_euro"
WSH12-31-Green,,"luma_gbp,luma_euro"
WSH12-31-Purple,,"luma_gbp,luma_euro"
WSH12-31-Red,,"luma_gbp,luma_euro"
WSH12-32-Green,,"luma_gbp,luma_euro"
WSH12-32-Purple,,"luma_gbp,luma_euro"
WSH12-32-Red,,"luma_gbp,luma_euro"
WSH12,Luma Europe Catalogue/Women/Bottoms/Shorts,"luma_gbp,luma_euro"